,Year,Month,Monthly Anomaly,Monthly Unc.,Annual Anomaly,Annual Unc.,Five-year Anomaly,Five-year Unc.,Ten-year Anomaly,Ten-year Unc.,Twenty-year Anomaly,Twenty-year Unc.
0,1910,1,0.104,0.722,NaN,NaN,NaN,NaN,NaN,NaN,NaN,NaN
1,1910,2,-0.388,0.893,NaN,NaN,NaN,NaN,NaN,NaN,NaN,NaN
2,1910,3,-0.560,0.723,NaN,NaN,NaN,NaN,NaN,NaN,NaN,NaN
3,1910,4,-0.266,0.606,-0.285,0.329,NaN,NaN,NaN,NaN,NaN,NaN
4,1910,5,-0.247,0.756,-0.343,0.317,NaN,NaN,NaN,NaN,NaN,NaN
5,1910,6,-0.349,0.762,-0.353,0.307,NaN,NaN,NaN,NaN,NaN,NaN
6,1910,7,-0.104,0.872,-0.389,0.306,NaN,NaN,NaN,NaN,NaN,NaN
7,1910,8,-0.405,0.878,-0.386,0.303,NaN,NaN,NaN,NaN,NaN,NaN
8,1910,9,-0.337,0.787,-0.373,0.303,NaN,NaN,NaN,NaN,NaN,NaN
9,1910,10,-0.552,0.614,-0.371,0.313,NaN,NaN,NaN,NaN,NaN,NaN
10,1910,11,-0.717,0.694,-0.389,0.306,NaN,NaN,NaN,NaN,NaN,NaN
11,1910,12,-0.410,0.778,-0.384,0.298,NaN,NaN,NaN,NaN,NaN,NaN
12,1911,1,-0.338,0.881,-0.388,0.309,NaN,NaN,NaN,NaN,NaN,NaN
13,1911,2,-0.342,0.885,-0.400,0.314,NaN,NaN,NaN,NaN,NaN,NaN
14,1911,3,-0.409,0.675,-0.404,0.334,NaN,NaN,NaN,NaN,NaN,NaN
15,1911,4,-0.243,0.805,-0.378,0.346,NaN,NaN,NaN,NaN,NaN,NaN
16,1911,5,-0.459,0.627,-0.337,0.343,NaN,NaN,NaN,NaN,NaN,NaN
17,1911,6,-0.292,0.601,-0.336,0.313,NaN,NaN,NaN,NaN,NaN,NaN
18,1911,7,NaN,NaN,-0.375,0.323,NaN,NaN,NaN,NaN,NaN,NaN
19,1911,8,-0.550,0.619,-0.396,0.386,NaN,NaN,NaN,NaN,NaN,NaN
20,1911,9,-0.391,0.682,-0.430,0.451,NaN,NaN,NaN,NaN,NaN,NaN
21,1911,10,-0.241,0.612,-0.448,0.476,NaN,NaN,NaN,NaN,NaN,NaN
22,1911,11,-0.216,0.705,-0.403,0.473,-0.282,0.209,NaN,NaN,NaN,NaN
23,1911,12,-0.406,1.307,-0.355,0.476,-0.275,0.210,NaN,NaN,NaN,NaN
24,1912,1,-0.807,0.870,-0.377,0.468,-0.276,0.210,NaN,NaN,NaN,NaN
25,1912,2,-0.587,1.334,-0.390,0.479,-0.275,0.212,NaN,NaN,NaN,NaN
26,1912,3,-0.816,1.113,-0.404,0.492,-0.277,0.212,NaN,NaN,NaN,NaN
27,1912,4,-0.466,1.070,-0.420,0.484,-0.282,0.213,NaN,NaN,NaN,NaN
28,1912,5,0.079,0.663,-0.432,0.493,-0.291,0.214,NaN,NaN,NaN,NaN
29,1912,6,0.291,0.618,-0.426,0.430,-0.288,0.217,NaN,NaN,NaN,NaN
30,1912,7,-0.413,0.652,-0.386,0.396,-0.302,0.224,NaN,NaN,NaN,NaN
31,1912,8,NaN,NaN,-0.391,0.363,-0.295,0.226,NaN,NaN,NaN,NaN
32,1912,9,-0.562,0.610,-0.378,0.359,-0.290,0.227,NaN,NaN,NaN,NaN
33,1912,10,-0.432,0.705,-0.329,0.363,-0.279,0.227,NaN,NaN,NaN,NaN
34,1912,11,-0.351,0.646,-0.341,0.355,-0.271,0.226,NaN,NaN,NaN,NaN
35,1912,12,-0.343,0.728,-0.349,0.359,NaN,NaN,NaN,NaN,NaN,NaN
36,1913,1,-0.321,0.761,-0.299,0.364,NaN,NaN,NaN,NaN,NaN,NaN
37,1913,2,-0.649,0.775,-0.253,0.342,NaN,NaN,NaN,NaN,NaN,NaN
38,1913,3,-0.665,0.606,-0.257,0.341,NaN,NaN,NaN,NaN,NaN,NaN
39,1913,4,0.127,0.710,-0.259,0.334,NaN,NaN,NaN,NaN,NaN,NaN
40,1913,5,-0.070,0.629,-0.210,0.345,NaN,NaN,NaN,NaN,NaN,NaN
41,1913,6,0.193,0.874,-0.172,0.339,NaN,NaN,NaN,NaN,NaN,NaN
42,1913,7,0.195,0.699,-0.146,0.334,NaN,NaN,NaN,NaN,NaN,NaN
43,1913,8,-0.161,0.812,-0.142,0.339,NaN,NaN,NaN,NaN,NaN,NaN
44,1913,9,-0.611,0.664,-0.077,0.353,NaN,NaN,NaN,NaN,NaN,NaN
45,1913,10,-0.449,0.606,-0.090,0.398,NaN,NaN,NaN,NaN,NaN,NaN
46,1913,11,0.236,1.228,-0.066,0.434,NaN,NaN,NaN,NaN,NaN,NaN
47,1913,12,0.116,0.770,-0.057,0.425,NaN,NaN,NaN,NaN,NaN,NaN
48,1914,1,-0.012,0.672,-0.094,0.381,NaN,NaN,NaN,NaN,NaN,NaN
49,1914,2,-0.605,0.764,-0.105,0.398,NaN,NaN,NaN,NaN,NaN,NaN
50,1914,3,0.120,0.883,-0.067,0.424,NaN,NaN,NaN,NaN,NaN,NaN
51,1914,4,-0.030,1.113,-0.068,0.435,NaN,NaN,NaN,NaN,NaN,NaN
52,1914,5,0.212,0.854,NaN,NaN,NaN,NaN,NaN,NaN,NaN,NaN
53,1914,6,0.306,0.743,NaN,NaN,NaN,NaN,NaN,NaN,NaN,NaN
54,1914,7,-0.250,1.119,NaN,NaN,NaN,NaN,NaN,NaN,NaN,NaN
55,1914,8,-0.288,0.729,NaN,NaN,NaN,NaN,NaN,NaN,NaN,NaN
56,1914,9,-0.163,0.792,NaN,NaN,NaN,NaN,NaN,NaN,NaN,NaN
57,1914,10,NaN,NaN,NaN,NaN,NaN,NaN,NaN,NaN,NaN,NaN
58,1914,11,NaN,NaN,NaN,NaN,NaN,NaN,-0.333,0.195,NaN,NaN
59,1914,12,NaN,NaN,NaN,NaN,NaN,NaN,-0.333,0.196,NaN,NaN
60,1915,1,NaN,NaN,NaN,NaN,NaN,NaN,-0.333,0.198,NaN,NaN
61,1915,2,NaN,NaN,NaN,NaN,NaN,NaN,-0.336,0.199,NaN,NaN
62,1915,3,NaN,NaN,NaN,NaN,NaN,NaN,-0.335,0.200,NaN,NaN
63,1915,4,NaN,NaN,NaN,NaN,NaN,NaN,-0.333,0.200,NaN,NaN
64,1915,5,NaN,NaN,NaN,NaN,NaN,NaN,-0.333,0.198,NaN,NaN
65,1915,6,NaN,NaN,NaN,NaN,NaN,NaN,-0.332,0.197,NaN,NaN
66,1915,7,NaN,NaN,NaN,NaN,NaN,NaN,-0.333,0.196,NaN,NaN
67,1915,8,NaN,NaN,NaN,NaN,NaN,NaN,-0.332,0.195,NaN,NaN
68,1915,9,NaN,NaN,NaN,NaN,NaN,NaN,-0.335,0.194,NaN,NaN
69,1915,10,NaN,NaN,NaN,NaN,NaN,NaN,-0.336,0.193,NaN,NaN
70,1915,11,NaN,NaN,NaN,NaN,NaN,NaN,-0.332,0.191,NaN,NaN
71,1915,12,NaN,NaN,NaN,NaN,NaN,NaN,-0.336,0.192,NaN,NaN
72,1916,1,NaN,NaN,NaN,NaN,NaN,NaN,-0.337,0.194,NaN,NaN
73,1916,2,NaN,NaN,NaN,NaN,NaN,NaN,-0.337,0.195,NaN,NaN
74,1916,3,NaN,NaN,NaN,NaN,NaN,NaN,-0.338,0.197,NaN,NaN
75,1916,4,NaN,NaN,NaN,NaN,NaN,NaN,-0.342,0.197,NaN,NaN
76,1916,5,NaN,NaN,NaN,NaN,NaN,NaN,-0.343,0.199,NaN,NaN
77,1916,6,NaN,NaN,NaN,NaN,NaN,NaN,-0.346,0.202,NaN,NaN
78,1916,7,NaN,NaN,NaN,NaN,NaN,NaN,-0.346,0.201,NaN,NaN
79,1916,8,NaN,NaN,NaN,NaN,NaN,NaN,-0.345,0.199,NaN,NaN
80,1916,9,NaN,NaN,NaN,NaN,NaN,NaN,-0.347,0.199,NaN,NaN
81,1916,10,NaN,NaN,NaN,NaN,NaN,NaN,-0.349,0.199,NaN,NaN
82,1916,11,NaN,NaN,NaN,NaN,NaN,NaN,-0.351,0.196,NaN,NaN
83,1916,12,NaN,NaN,NaN,NaN,NaN,NaN,-0.351,0.192,NaN,NaN
84,1917,1,-0.425,0.655,NaN,NaN,NaN,NaN,-0.347,0.190,NaN,NaN
85,1917,2,-1.136,0.600,NaN,NaN,NaN,NaN,-0.348,0.186,NaN,NaN
86,1917,3,-0.421,1.001,-0.628,0.342,NaN,NaN,-0.347,0.184,NaN,NaN
87,1917,4,-0.593,0.731,-0.637,0.323,NaN,NaN,-0.346,0.182,NaN,NaN
88,1917,5,-1.237,0.609,-0.663,0.312,NaN,NaN,-0.349,0.182,NaN,NaN
89,1917,6,-0.588,0.568,-0.671,0.304,NaN,NaN,-0.355,0.181,-0.379,0.156
90,1917,7,-0.545,1.070,-0.701,0.323,NaN,NaN,-0.356,0.179,-0.379,0.155
91,1917,8,-0.543,0.584,-0.703,0.333,NaN,NaN,-0.357,0.176,-0.376,0.155
92,1917,9,-0.928,1.224,-0.729,0.323,NaN,NaN,-0.359,0.177,-0.373,0.153
93,1917,10,-0.269,0.657,-0.734,0.310,NaN,NaN,-0.357,0.177,-0.371,0.153
94,1917,11,-0.696,0.596,-0.675,0.359,NaN,NaN,-0.359,0.176,-0.367,0.151
95,1917,12,-0.667,1.217,-0.687,0.357,NaN,NaN,-0.363,0.174,-0.364,0.151
96,1918,1,-0.784,1.171,-0.683,0.382,NaN,NaN,-0.363,0.174,-0.363,0.150
97,1918,2,-1.171,0.858,-0.720,0.373,NaN,NaN,-0.362,0.174,-0.362,0.150
98,1918,3,-0.725,0.931,-0.666,0.447,-0.415,0.216,-0.363,0.177,-0.360,0.149
99,1918,4,-0.657,0.609,-0.648,0.406,-0.423,0.210,-0.369,0.180,-0.359,0.148
100,1918,5,-0.526,1.110,-0.626,0.397,-0.432,0.205,-0.373,0.183,-0.358,0.148
101,1918,6,-0.733,0.641,-0.618,0.362,-0.447,0.205,-0.378,0.189,-0.359,0.148
102,1918,7,-0.491,0.689,-0.552,0.320,-0.446,0.208,-0.385,0.189,-0.359,0.147
103,1918,8,-0.994,0.650,-0.483,0.307,-0.454,0.205,-0.389,0.185,-0.356,0.147
104,1918,9,-0.274,0.637,-0.459,0.289,-0.459,0.204,-0.388,0.183,-0.355,0.146
105,1918,10,-0.057,0.862,-0.415,0.289,-0.475,0.206,-0.388,0.187,-0.355,0.145
106,1918,11,-0.437,0.600,-0.406,0.296,-0.487,0.208,-0.392,0.196,-0.352,0.145
107,1918,12,-0.570,0.707,-0.374,0.306,-0.488,0.216,-0.396,0.194,-0.351,0.145
108,1919,1,0.010,0.753,-0.371,0.291,-0.495,0.212,-0.403,0.195,-0.350,0.145
109,1919,2,-0.342,0.826,-0.311,0.295,-0.498,0.204,-0.403,0.197,-0.351,0.144
110,1919,3,-0.433,0.608,-0.338,0.304,-0.493,0.203,-0.408,0.202,-0.352,0.144
111,1919,4,-0.127,0.638,-0.362,0.328,-0.499,0.195,-0.411,0.207,-0.351,0.143
112,1919,5,-0.425,0.739,-0.349,0.335,-0.500,0.179,-0.414,0.208,-0.350,0.143
113,1919,6,-0.347,0.991,-0.324,0.333,-0.498,0.176,-0.419,0.210,-0.351,0.144
114,1919,7,-0.452,0.723,-0.324,0.343,-0.496,0.179,-0.422,0.205,-0.353,0.143
115,1919,8,-0.283,0.778,-0.359,0.330,-0.489,0.178,-0.421,0.198,-0.352,0.142
116,1919,9,-0.592,0.693,-0.356,0.324,-0.493,0.178,-0.424,0.204,-0.353,0.141
117,1919,10,-0.351,0.687,-0.346,0.303,-0.489,0.180,-0.428,0.209,-0.353,0.140
118,1919,11,-0.273,0.632,-0.331,0.279,-0.473,0.185,-0.430,0.206,-0.355,0.139
119,1919,12,-0.270,0.738,-0.321,0.288,-0.471,0.184,-0.433,0.201,-0.356,0.139
120,1920,1,0.006,0.666,-0.307,0.290,-0.471,0.179,-0.432,0.200,-0.358,0.140
121,1920,2,-0.760,0.666,-0.303,0.287,-0.474,0.174,-0.435,0.196,-0.359,0.140
122,1920,3,-0.392,0.609,-0.309,0.286,-0.474,0.182,-0.436,0.196,-0.359,0.140
123,1920,4,-0.006,0.735,-0.339,0.295,-0.471,0.177,-0.443,0.195,-0.361,0.139
124,1920,5,-0.255,0.916,-0.334,0.334,-0.469,0.178,-0.449,0.191,-0.362,0.137
125,1920,6,-0.224,0.764,-0.392,0.353,-0.472,0.176,-0.453,0.190,-0.361,0.136
126,1920,7,-0.284,0.627,-0.424,0.371,-0.465,0.177,-0.462,0.199,-0.362,0.134
127,1920,8,-0.239,0.663,-0.389,0.375,-0.454,0.184,-0.468,0.198,-0.361,0.132
128,1920,9,-0.665,0.859,-0.403,0.389,-0.455,0.197,-0.472,0.196,-0.360,0.131
129,1920,10,-0.705,0.771,-0.463,0.407,-0.454,0.211,-0.473,0.193,-0.358,0.130
130,1920,11,-0.212,1.263,-0.491,0.415,-0.454,0.221,-0.478,0.190,-0.356,0.129
131,1920,12,NaN,NaN,-0.520,0.424,-0.449,0.226,-0.479,0.193,-0.356,0.130
132,1921,1,-0.379,0.994,-0.513,0.429,-0.452,0.229,-0.480,0.194,-0.356,0.131
133,1921,2,-0.335,0.480,-0.532,0.387,-0.446,0.223,-0.486,0.197,-0.357,0.132
134,1921,3,-0.565,0.617,-0.522,0.347,-0.449,0.222,-0.487,0.195,-0.357,0.132
135,1921,4,-0.725,1.093,-0.510,0.344,-0.456,0.230,-0.491,0.194,-0.357,0.130
136,1921,5,-0.596,0.839,-0.529,0.300,-0.453,0.241,-0.491,0.188,-0.355,0.130
137,1921,6,-0.571,0.909,-0.485,0.277,-0.448,0.243,-0.484,0.178,-0.353,0.130
138,1921,7,-0.202,0.388,-0.481,0.245,-0.464,0.241,-0.484,0.176,-0.351,0.129
139,1921,8,-0.469,0.482,-0.513,0.256,-0.468,0.249,-0.480,0.174,-0.349,0.128
140,1921,9,-0.544,0.469,-0.518,0.243,-0.469,0.257,-0.472,0.173,-0.345,0.128
141,1921,10,-0.552,0.393,-0.486,0.225,-0.473,0.258,-0.472,0.175,-0.344,0.128
142,1921,11,-0.444,1.088,-0.463,0.217,-0.469,0.252,-0.469,0.168,-0.344,0.128
143,1921,12,-0.440,0.435,-0.455,0.201,-0.467,0.248,-0.466,0.164,-0.343,0.125
144,1922,1,-0.334,0.574,-0.479,0.190,-0.470,0.251,-0.462,0.161,-0.339,0.124
145,1922,2,-0.719,0.484,-0.504,0.195,-0.468,0.241,-0.455,0.158,-0.338,0.121
146,1922,3,-0.627,0.433,-0.532,0.226,-0.468,0.247,-0.451,0.153,-0.336,0.120
147,1922,4,-0.332,0.665,-0.497,0.220,-0.477,0.261,-0.449,0.149,-0.335,0.118
148,1922,5,-0.326,0.775,-0.508,0.280,-0.485,0.258,-0.441,0.146,-0.337,0.118
149,1922,6,-0.467,0.397,-0.540,0.260,-0.490,0.252,-0.439,0.148,-0.339,0.118
150,1922,7,-0.499,0.326,-0.545,0.248,-0.500,0.255,-0.436,0.142,-0.338,0.117
151,1922,8,-0.760,0.417,-0.527,0.261,-0.493,0.247,-0.434,0.141,-0.334,0.115
152,1922,9,-0.889,0.772,-0.537,0.313,-0.492,0.251,-0.424,0.136,-0.333,0.115
153,1922,10,-0.133,0.404,-0.562,0.350,-0.499,0.248,-0.420,0.136,-0.331,0.115
154,1922,11,-0.571,0.411,-0.579,0.347,-0.504,0.238,-0.414,0.134,-0.330,0.114
155,1922,12,-0.824,0.451,-0.576,0.390,-0.509,0.234,-0.407,0.135,-0.330,0.114
156,1923,1,-0.397,0.290,-0.592,0.433,-0.524,0.253,-0.401,0.136,-0.330,0.114
157,1923,2,-0.505,0.600,-0.582,0.419,-0.533,0.251,-0.392,0.136,-0.327,0.113
158,1923,3,-0.748,1.104,-0.543,0.368,-0.530,0.250,-0.389,0.138,-0.324,0.113
159,1923,4,-0.627,1.262,-0.571,0.455,-0.524,0.248,-0.383,0.136,-0.324,0.112
160,1923,5,-0.529,0.824,-0.545,0.513,-0.523,0.242,-0.381,0.138,-0.325,0.112
161,1923,6,-0.428,0.852,-0.501,0.543,-0.510,0.249,-0.377,0.138,-0.327,0.114
162,1923,7,-0.690,0.522,-0.546,0.565,-0.513,0.240,-0.374,0.135,-0.329,0.113
163,1923,8,-0.640,0.563,-0.550,0.551,-0.517,0.251,-0.364,0.135,-0.328,0.112
164,1923,9,-0.428,0.295,-0.530,0.513,-0.516,0.246,-0.365,0.134,-0.326,0.111
165,1923,10,-0.463,0.909,-0.511,0.442,-0.508,0.233,-0.369,0.130,-0.325,0.111
166,1923,11,-0.261,0.978,-0.478,0.366,-0.496,0.214,-0.368,0.129,-0.327,0.112
167,1923,12,-0.291,0.384,-0.466,0.323,-0.481,0.187,-0.366,0.131,-0.328,0.112
168,1924,1,-0.941,0.595,-0.458,0.304,-0.474,0.181,-0.372,0.126,-0.328,0.112
169,1924,2,-0.551,0.502,-0.419,0.271,-0.462,0.183,-0.376,0.126,-0.325,0.111
170,1924,3,-0.511,0.681,-0.432,0.311,-0.451,0.186,-0.376,0.125,-0.325,0.112
171,1924,4,-0.401,0.466,-0.469,0.310,-0.444,0.192,-0.379,0.122,-0.325,0.113
172,1924,5,-0.128,0.470,-0.510,0.234,-0.438,0.194,-0.379,0.123,-0.329,0.114
173,1924,6,-0.284,0.458,-0.532,0.207,-0.433,0.190,-0.379,0.122,-0.331,0.114
174,1924,7,-0.602,0.351,-0.503,0.188,-0.428,0.180,-0.381,0.121,-0.331,0.112
175,1924,8,-0.168,0.970,-0.485,0.155,-0.420,0.172,-0.379,0.120,-0.329,0.111
176,1924,9,-0.582,0.771,-0.472,0.175,-0.408,0.158,-0.377,0.116,-0.329,0.112
177,1924,10,-0.901,0.910,-0.474,0.191,-0.409,0.147,-0.376,0.117,-0.328,0.111
178,1924,11,-0.757,0.549,-0.507,0.196,-0.408,0.138,-0.377,0.117,-0.327,0.111
179,1924,12,-0.559,0.543,-0.531,0.229,-0.407,0.136,-0.379,0.117,-0.328,0.110
180,1925,1,-0.595,0.326,-0.575,0.221,-0.402,0.133,-0.382,0.118,-0.328,0.110
181,1925,2,-0.336,0.576,-0.626,0.265,-0.393,0.135,-0.382,0.115,-0.328,0.110
182,1925,3,-0.353,0.751,-0.620,0.271,-0.375,0.122,-0.383,0.112,-0.328,0.109
183,1925,4,-0.422,0.544,-0.574,0.254,-0.369,0.123,-0.389,0.108,-0.330,0.109
184,1925,5,-0.523,0.586,-0.521,0.250,-0.358,0.120,-0.391,0.104,-0.330,0.108
185,1925,6,-0.576,0.736,-0.494,0.266,-0.343,0.119,-0.391,0.099,-0.331,0.108
186,1925,7,-1.127,1.561,-0.490,0.269,-0.337,0.115,-0.391,0.096,-0.331,0.107
187,1925,8,-0.786,0.576,-0.510,0.321,-0.329,0.110,-0.390,0.095,-0.332,0.107
188,1925,9,-0.508,0.778,-0.520,0.293,-0.324,0.105,-0.385,0.091,-0.333,0.107
189,1925,10,-0.343,0.372,-0.507,0.307,-0.312,0.104,-0.380,0.091,-0.333,0.105
190,1925,11,-0.130,0.592,-0.451,0.296,-0.308,0.107,-0.379,0.091,-0.336,0.105
191,1925,12,-0.234,0.743,-0.376,0.227,-0.304,0.113,-0.376,0.090,-0.337,0.106
192,1926,1,-0.547,0.363,-0.264,0.240,-0.296,0.114,-0.375,0.088,-0.337,0.105
193,1926,2,-0.573,0.722,-0.181,0.229,-0.282,0.111,-0.377,0.089,-0.340,0.104
194,1926,3,-0.471,0.374,-0.126,0.178,-0.281,0.114,-0.375,0.087,-0.340,0.102
195,1926,4,-0.262,0.460,-0.109,0.166,-0.282,0.116,-0.371,0.083,-0.342,0.101
196,1926,5,0.142,0.748,-0.105,0.176,-0.283,0.123,-0.368,0.081,-0.342,0.098
197,1926,6,0.330,1.398,-0.099,0.226,-0.283,0.118,-0.361,0.079,-0.339,0.096
198,1926,7,0.213,0.329,-0.055,0.279,-0.280,0.115,-0.356,0.078,-0.340,0.096
199,1926,8,0.214,0.332,-0.028,0.353,-0.285,0.118,-0.352,0.078,-0.337,0.094
200,1926,9,0.149,0.312,0.019,0.438,-0.283,0.130,-0.344,0.077,-0.333,0.093
201,1926,10,-0.139,0.529,0.008,0.501,-0.285,0.136,-0.339,0.075,-0.333,0.092
202,1926,11,-0.082,0.829,-0.024,0.465,-0.290,0.126,-0.336,0.076,-0.331,0.092
203,1926,12,-0.166,0.520,-0.085,0.315,-0.291,0.127,-0.334,0.077,-0.329,0.091
204,1927,1,-0.016,0.660,-0.122,0.308,-0.292,0.129,-0.331,0.077,-0.327,0.091
205,1927,2,-0.246,0.635,-0.159,0.319,-0.290,0.120,-0.328,0.074,-0.322,0.091
206,1927,3,0.091,1.009,-0.152,0.324,-0.287,0.131,-0.325,0.073,-0.321,0.092
207,1927,4,-0.395,0.772,-0.125,0.352,-0.276,0.142,-0.324,0.072,-0.318,0.091
208,1927,5,-0.239,0.424,-0.111,0.323,-0.268,0.137,-0.325,0.071,-0.312,0.091
209,1927,6,-0.406,0.643,-0.088,0.307,-0.267,0.131,-0.323,0.071,-0.311,0.090
210,1927,7,-0.223,0.498,-0.090,0.264,-0.265,0.127,-0.320,0.071,-0.308,0.088
211,1927,8,-0.234,0.884,-0.072,0.237,-0.270,0.125,-0.312,0.071,-0.304,0.084
212,1927,9,0.234,1.143,-0.115,0.154,-0.274,0.129,-0.306,0.072,-0.300,0.083
213,1927,10,0.184,0.357,-0.078,0.161,-0.279,0.131,-0.305,0.071,-0.299,0.083
214,1927,11,0.089,0.509,-0.079,0.156,-0.279,0.126,-0.302,0.071,-0.297,0.083
215,1927,12,0.101,0.284,-0.062,0.180,-0.272,0.129,-0.297,0.069,-0.295,0.085
216,1928,1,-0.036,0.455,-0.059,0.189,-0.259,0.154,-0.296,0.069,-0.289,0.085
217,1928,2,-0.033,0.287,-0.023,0.180,-0.248,0.155,-0.291,0.070,-0.283,0.084
218,1928,3,-0.416,0.426,-0.075,0.194,-0.241,0.159,-0.285,0.071,-0.279,0.084
219,1928,4,0.041,0.759,-0.132,0.185,-0.236,0.154,-0.280,0.073,-0.276,0.084
220,1928,5,-0.251,0.364,-0.170,0.161,-0.236,0.154,-0.277,0.073,-0.273,0.084
221,1928,6,-0.198,0.428,-0.203,0.129,-0.242,0.163,-0.276,0.074,-0.270,0.084
222,1928,7,-0.189,0.523,-0.260,0.127,-0.238,0.160,-0.272,0.076,-0.267,0.083
223,1928,8,0.193,0.503,-0.328,0.124,-0.237,0.161,-0.266,0.074,-0.264,0.082
224,1928,9,-0.380,0.434,-0.327,0.150,-0.235,0.168,-0.264,0.075,-0.265,0.082
225,1928,10,-0.500,0.353,-0.372,0.131,-0.235,0.176,-0.263,0.079,-0.265,0.082
226,1928,11,-0.377,0.282,-0.387,0.127,-0.240,0.165,-0.262,0.082,-0.265,0.082
227,1928,12,-0.292,0.574,-0.401,0.125,-0.241,0.146,-0.261,0.081,-0.263,0.082
228,1929,1,-0.724,0.397,-0.443,0.107,-0.239,0.141,-0.253,0.081,-0.264,0.082
229,1929,2,-0.843,0.374,-0.462,0.119,-0.241,0.140,-0.247,0.085,-0.262,0.082
230,1929,3,-0.403,0.453,-0.460,0.129,-0.238,0.140,-0.241,0.089,-0.260,0.082
231,1929,4,-0.503,0.287,-0.439,0.127,-0.234,0.147,-0.239,0.091,-0.259,0.081
232,1929,5,-0.424,0.559,-0.433,0.132,-0.235,0.139,-0.245,0.087,-0.258,0.080
233,1929,6,-0.377,0.272,-0.452,0.147,-0.235,0.134,-0.244,0.087,-0.255,0.080
234,1929,7,-0.685,0.300,-0.427,0.126,-0.235,0.129,-0.240,0.086,-0.253,0.079
235,1929,8,-0.037,0.281,-0.414,0.136,-0.235,0.128,-0.237,0.081,-0.253,0.077
236,1929,9,-0.357,0.419,-0.430,0.173,-0.242,0.117,-0.234,0.084,-0.251,0.076
237,1929,10,-0.242,0.340,-0.447,0.198,-0.239,0.114,-0.229,0.086,-0.250,0.077
238,1929,11,-0.309,0.344,-0.452,0.223,-0.242,0.110,-0.225,0.083,-0.249,0.078
239,1929,12,-0.523,0.259,-0.433,0.252,-0.240,0.112,-0.223,0.079,-0.248,0.079
240,1930,1,-0.421,0.553,-0.409,0.263,-0.238,0.113,-0.223,0.078,-0.250,0.080
241,1930,2,-0.687,0.453,-0.415,0.260,-0.231,0.123,-0.221,0.075,-0.250,0.079
242,1930,3,-0.596,0.578,-0.392,0.257,-0.237,0.115,-0.221,0.074,-0.251,0.079
243,1930,4,-0.705,0.439,-0.374,0.238,-0.240,0.111,-0.218,0.073,-0.254,0.078
244,1930,5,-0.491,0.435,-0.361,0.244,-0.245,0.108,-0.211,0.073,-0.253,0.076
245,1930,6,-0.148,0.431,-0.367,0.250,-0.250,0.105,-0.208,0.074,-0.251,0.074
246,1930,7,-0.395,0.445,-0.356,0.254,-0.255,0.099,-0.200,0.081,-0.250,0.074
247,1930,8,-0.109,0.300,-0.342,0.205,-0.253,0.098,-0.195,0.078,-0.248,0.074
248,1930,9,-0.078,0.453,-0.324,0.197,-0.247,0.098,-0.194,0.076,-0.246,0.075
249,1930,10,-0.032,0.261,-0.286,0.204,-0.247,0.092,-0.193,0.076,-0.243,0.075
250,1930,11,-0.141,0.488,-0.256,0.178,-0.247,0.087,-0.195,0.074,-0.239,0.076
251,1930,12,-0.602,0.381,-0.224,0.159,-0.247,0.086,-0.195,0.074,-0.233,0.075
252,1931,1,-0.285,0.542,-0.160,0.142,-0.249,0.077,-0.195,0.076,-0.232,0.074
253,1931,2,-0.516,0.636,-0.147,0.146,-0.251,0.079,-0.194,0.080,-0.229,0.073
254,1931,3,-0.385,0.392,-0.111,0.136,-0.246,0.076,-0.193,0.083,-0.227,0.072
255,1931,4,-0.245,0.533,-0.100,0.117,-0.244,0.074,-0.193,0.085,-0.221,0.072
256,1931,5,-0.135,0.332,-0.099,0.124,-0.240,0.072,-0.193,0.086,-0.217,0.072
257,1931,6,0.233,0.288,-0.067,0.118,-0.239,0.075,-0.194,0.085,-0.214,0.073
258,1931,7,0.375,0.313,-0.040,0.091,-0.225,0.074,-0.196,0.083,-0.210,0.072
259,1931,8,0.050,0.224,-0.021,0.121,-0.208,0.080,-0.193,0.085,-0.208,0.071
260,1931,9,0.346,0.360,-0.017,0.122,-0.200,0.081,-0.193,0.086,-0.205,0.071
261,1931,10,0.111,0.279,-0.013,0.144,-0.194,0.083,-0.194,0.086,-0.202,0.071
262,1931,11,-0.140,0.232,-0.034,0.134,-0.200,0.084,-0.194,0.082,-0.200,0.071
263,1931,12,-0.209,0.260,-0.077,0.125,-0.196,0.083,-0.192,0.079,-0.198,0.070
264,1932,1,0.035,0.288,-0.120,0.145,-0.188,0.081,-0.191,0.076,-0.196,0.071
265,1932,2,-0.290,0.647,-0.107,0.158,-0.184,0.082,-0.190,0.073,-0.190,0.072
266,1932,3,-0.330,0.423,-0.147,0.177,-0.182,0.083,-0.191,0.070,-0.185,0.073
267,1932,4,-0.199,0.412,-0.158,0.158,-0.182,0.084,-0.187,0.070,-0.184,0.072
268,1932,5,-0.387,0.417,-0.164,0.158,-0.181,0.089,-0.184,0.069,-0.182,0.073
269,1932,6,-0.281,0.376,-0.162,0.172,-0.178,0.092,-0.182,0.070,-0.180,0.074
270,1932,7,-0.147,0.361,-0.190,0.153,-0.181,0.094,-0.180,0.074,-0.177,0.074
271,1932,8,0.203,0.444,-0.162,0.138,-0.172,0.100,-0.175,0.076,-0.172,0.074
272,1932,9,-0.125,0.486,-0.137,0.141,-0.167,0.104,-0.175,0.077,-0.167,0.075
273,1932,10,-0.030,0.404,-0.120,0.150,-0.157,0.110,-0.179,0.075,-0.168,0.075
274,1932,11,-0.207,0.259,-0.107,0.159,-0.144,0.117,-0.180,0.073,-0.168,0.075
275,1932,12,-0.185,0.261,-0.102,0.167,-0.145,0.120,-0.182,0.071,-0.165,0.074
276,1933,1,-0.305,0.535,-0.112,0.210,-0.141,0.123,-0.178,0.072,-0.165,0.075
277,1933,2,0.054,0.330,-0.124,0.241,-0.142,0.129,-0.175,0.075,-0.164,0.076
278,1933,3,-0.033,0.450,-0.121,0.270,-0.148,0.136,-0.169,0.077,-0.163,0.079
279,1933,4,0.009,0.258,-0.148,0.270,-0.150,0.135,-0.168,0.074,-0.162,0.081
280,1933,5,-0.239,0.543,-0.142,0.290,-0.154,0.140,-0.164,0.077,-0.159,0.082
281,1933,6,-0.217,0.559,-0.146,0.324,-0.148,0.148,-0.164,0.075,-0.158,0.083
282,1933,7,-0.269,0.640,-0.114,0.351,-0.152,0.147,-0.160,0.075,-0.158,0.084
283,1933,8,0.057,0.447,-0.104,0.366,-0.151,0.138,-0.164,0.075,-0.161,0.083
284,1933,9,-0.085,0.499,-0.091,0.394,-0.150,0.140,-0.164,0.074,-0.161,0.082
285,1933,10,-0.357,0.450,-0.106,0.421,-0.150,0.148,-0.162,0.073,-0.160,0.083
286,1933,11,-0.129,0.477,-0.151,0.418,-0.146,0.141,-0.162,0.074,-0.161,0.085
287,1933,12,-0.240,0.653,-0.145,0.384,-0.146,0.134,-0.161,0.074,-0.159,0.086
288,1934,1,0.079,0.593,-0.137,0.316,-0.154,0.134,-0.155,0.074,-0.153,0.087
289,1934,2,0.178,0.601,-0.128,0.316,-0.145,0.134,-0.148,0.076,-0.152,0.089
290,1934,3,0.119,0.718,-0.137,0.299,-0.149,0.129,-0.145,0.074,-0.153,0.091
291,1934,4,-0.164,0.423,-0.129,0.280,-0.155,0.128,-0.139,0.073,-0.153,0.092
292,1934,5,-0.786,0.534,-0.140,0.292,-0.153,0.129,-0.136,0.073,-0.152,0.091
293,1934,6,-0.147,0.260,-0.149,0.274,-0.149,0.129,-0.130,0.073,-0.153,0.091
294,1934,7,-0.169,0.365,-0.205,0.273,-0.147,0.129,-0.126,0.074,-0.152,0.091
295,1934,8,0.167,0.404,-0.229,0.309,-0.144,0.131,-0.128,0.078,-0.153,0.090
296,1934,9,-0.198,0.259,-0.266,0.281,-0.141,0.133,-0.125,0.084,-0.152,0.092
297,1934,10,-0.254,0.359,-0.260,0.252,-0.136,0.134,-0.123,0.088,-0.148,0.094
298,1934,11,-0.259,0.554,-0.172,0.225,-0.127,0.133,-0.121,0.089,-0.145,0.093
299,1934,12,-0.351,0.542,-0.177,0.223,-0.124,0.128,-0.118,0.085,-0.141,0.093
300,1935,1,-0.592,0.686,-0.176,0.215,-0.122,0.128,-0.118,0.085,-0.138,0.094
301,1935,2,-0.117,0.434,-0.202,0.239,-0.119,0.125,-0.119,0.084,-0.137,0.093
302,1935,3,-0.319,0.238,-0.223,0.247,-0.114,0.126,-0.119,0.084,-0.138,0.093
303,1935,4,-0.095,0.241,-0.218,0.218,-0.116,0.124,-0.118,0.085,-0.137,0.093
304,1935,5,0.265,0.372,-0.227,0.189,-0.115,0.124,-0.114,0.087,-0.137,0.092
305,1935,6,-0.197,0.338,-0.219,0.200,-0.113,0.124,-0.111,0.088,-0.135,0.093
306,1935,7,-0.157,0.407,-0.211,0.170,-0.100,0.121,-0.109,0.087,-0.131,0.096
307,1935,8,-0.149,0.781,-0.239,0.143,-0.097,0.120,-0.105,0.087,-0.128,0.095
308,1935,9,-0.451,0.392,-0.242,0.143,-0.092,0.117,-0.107,0.087,-0.127,0.095
309,1935,10,-0.192,0.408,-0.253,0.143,-0.089,0.117,-0.105,0.088,-0.128,0.094
310,1935,11,-0.368,0.285,-0.266,0.148,-0.081,0.120,-0.098,0.092,-0.128,0.093
311,1935,12,-0.255,0.687,-0.231,0.188,-0.080,0.116,-0.090,0.096,-0.127,0.094
312,1936,1,-0.500,0.345,-0.224,0.161,-0.071,0.111,-0.088,0.097,-0.123,0.095
313,1936,2,-0.453,0.538,-0.164,0.241,-0.077,0.110,-0.082,0.097,-0.118,0.096
314,1936,3,-0.348,0.416,-0.117,0.278,-0.083,0.107,-0.078,0.097,-0.115,0.097
315,1936,4,-0.228,0.302,-0.121,0.249,-0.079,0.104,-0.071,0.099,-0.115,0.098
316,1936,5,0.101,0.987,-0.093,0.231,-0.084,0.102,-0.066,0.100,-0.116,0.097
317,1936,6,0.225,1.031,-0.069,0.260,-0.082,0.096,-0.068,0.100,-0.122,0.095
318,1936,7,-0.075,0.395,-0.016,0.263,-0.085,0.093,-0.064,0.100,-0.126,0.095
319,1936,8,0.575,0.753,0.014,0.203,-0.087,0.091,-0.063,0.100,-0.130,0.094
320,1936,9,0.114,0.413,0.033,0.151,-0.090,0.089,-0.065,0.100,-0.132,0.094
321,1936,10,-0.243,0.340,0.059,0.157,-0.085,0.088,-0.064,0.101,-0.132,0.094
322,1936,11,-0.031,0.420,0.063,0.128,-0.072,0.086,-0.065,0.103,-0.133,0.095
323,1936,12,0.039,0.369,0.032,0.139,-0.064,0.085,-0.062,0.102,-0.135,0.094
324,1937,1,0.126,0.246,0.038,0.131,-0.064,0.088,-0.060,0.102,-0.138,0.095
325,1937,2,-0.082,0.517,0.023,0.179,-0.071,0.098,-0.053,0.102,-0.138,0.094
326,1937,3,-0.131,0.679,0.029,0.173,-0.068,0.116,-0.045,0.103,-0.138,0.092
327,1937,4,0.094,0.251,0.033,0.155,-0.064,0.128,-0.044,0.101,-0.136,0.091
328,1937,5,0.145,0.265,0.025,0.171,-0.062,0.134,-0.039,0.103,-0.135,0.091
329,1937,6,-0.141,0.328,0.016,0.154,-0.057,0.126,-0.036,0.104,-0.133,0.093
330,1937,7,-0.008,1.008,0.045,0.181,-0.054,0.126,-0.033,0.105,-0.133,0.093
331,1937,8,0.390,1.783,0.074,0.260,-0.066,0.127,-0.032,0.105,-0.132,0.092
332,1937,9,0.189,0.331,0.107,0.319,-0.072,0.122,-0.029,0.105,-0.134,0.091
333,1937,10,-0.189,0.519,0.115,0.309,-0.079,0.116,-0.031,0.104,-0.136,0.090
334,1937,11,-0.132,0.260,0.121,0.399,-0.084,0.125,-0.033,0.103,-0.136,0.090
335,1937,12,-0.064,0.708,0.122,0.340,-0.077,0.130,-0.033,0.103,-0.136,0.090
336,1938,1,0.468,0.502,0.142,0.269,-0.076,0.119,-0.035,0.105,-0.134,0.091
337,1938,2,0.273,0.787,0.085,0.176,-0.069,0.134,-0.038,0.106,-0.133,0.092
338,1938,3,0.263,0.344,0.035,0.170,-0.065,0.122,-0.041,0.108,-0.132,0.093
339,1938,4,0.182,0.280,0.038,0.174,-0.060,0.125,-0.045,0.109,-0.132,0.094
340,1938,5,0.227,1.154,0.015,0.176,-0.042,0.152,-0.041,0.111,-0.131,0.094
341,1938,6,-0.135,0.603,0.008,0.177,-0.032,0.173,-0.040,0.111,-0.132,0.095
342,1938,7,0.235,0.297,-0.036,0.154,-0.023,0.175,-0.044,0.109,-0.132,0.095
343,1938,8,-0.296,0.378,-0.056,0.146,-0.012,0.165,-0.055,0.108,-0.133,0.096
344,1938,9,-0.412,0.294,-0.082,0.141,-0.005,0.164,-0.058,0.106,-0.133,0.095
345,1938,10,-0.155,0.538,-0.085,0.142,0.009,0.174,-0.057,0.104,-0.132,0.096
346,1938,11,-0.400,0.279,-0.107,0.208,0.014,0.165,-0.060,0.105,-0.133,0.097
347,1938,12,-0.151,0.634,-0.067,0.166,0.011,0.153,-0.056,0.106,-0.135,0.098
348,1939,1,-0.067,0.368,-0.098,0.144,0.026,0.156,-0.053,0.108,-0.133,0.098
349,1939,2,0.033,0.483,-0.098,0.137,0.018,0.147,-0.056,0.108,-0.132,0.099
350,1939,3,-0.046,0.499,-0.066,0.200,0.018,0.147,-0.064,0.110,-0.132,0.100
351,1939,4,0.150,0.356,-0.051,0.279,0.026,0.153,-0.067,0.111,-0.131,0.100
352,1939,5,-0.042,0.607,-0.030,0.282,0.024,0.160,-0.059,0.111,-0.131,0.101
353,1939,6,0.349,0.360,-0.024,0.248,0.024,0.161,-0.062,0.111,-0.130,0.101
354,1939,7,-0.137,0.574,-0.052,0.217,0.028,0.162,-0.063,0.111,-0.129,0.101
355,1939,8,-0.292,1.064,-0.126,0.184,0.038,0.173,-0.069,0.113,-0.129,0.101
356,1939,9,-0.030,1.767,-0.174,0.177,0.051,0.186,-0.070,0.114,-0.129,0.102
357,1939,10,0.027,0.824,-0.233,0.171,0.047,0.183,-0.067,0.115,-0.128,0.101
358,1939,11,-0.151,0.309,-0.229,0.224,0.049,0.185,-0.066,0.116,-0.127,0.101
359,1939,12,-0.084,1.241,-0.240,0.250,0.052,0.185,-0.059,0.119,-0.126,0.102
360,1940,1,-0.402,0.774,-0.240,0.191,0.056,0.174,-0.053,0.122,-0.124,0.103
361,1940,2,-0.848,0.581,-0.189,0.182,0.054,0.156,-0.053,0.124,-0.122,0.103
362,1940,3,-0.623,0.600,-0.208,0.300,0.056,0.153,-0.055,0.124,-0.120,0.103
363,1940,4,-0.566,0.716,-0.199,0.322,0.054,0.155,-0.057,0.124,-0.117,0.104
364,1940,5,0.012,1.089,-0.125,0.204,0.049,0.152,-0.062,0.124,-0.116,0.106
365,1940,6,0.220,0.611,-0.091,0.218,0.046,0.157,-0.062,0.124,-0.118,0.107
366,1940,7,-0.146,1.028,-0.056,0.265,0.031,0.155,-0.062,0.123,-0.119,0.107
367,1940,8,0.319,0.819,0.032,0.275,0.022,0.150,-0.061,0.125,-0.118,0.108
368,1940,9,-0.257,1.596,0.092,0.332,0.010,0.152,-0.059,0.125,-0.120,0.109
369,1940,10,0.141,0.633,0.187,0.422,-0.000,0.151,-0.063,0.124,-0.121,0.108
370,1940,11,0.733,2.331,0.222,0.371,-0.001,0.148,-0.061,0.124,-0.122,0.109
371,1940,12,0.322,0.987,0.205,0.348,-0.001,0.151,-0.059,0.127,-0.120,0.109
372,1941,1,0.019,0.722,0.288,0.410,-0.017,0.150,-0.051,0.126,-0.119,0.109
373,1941,2,0.206,0.795,0.272,0.366,-0.032,0.149,-0.043,0.124,-0.115,0.109
374,1941,3,0.105,0.784,0.301,0.477,-0.032,0.147,-0.038,0.122,-0.113,0.108
375,1941,4,0.567,0.874,0.309,0.467,-0.035,0.146,-0.037,0.123,-0.113,0.109
376,1941,5,0.435,0.607,0.233,0.368,-0.035,0.148,-0.038,0.121,-0.115,0.109
377,1941,6,0.013,0.604,0.213,0.356,-0.030,0.155,-0.050,0.119,-0.115,0.109
378,1941,7,0.857,0.683,0.240,0.337,-0.021,0.156,-0.056,0.120,-0.117,0.109
379,1941,8,0.117,0.663,0.266,0.345,-0.026,0.155,-0.067,0.117,-0.119,0.109
380,1941,9,0.100,0.679,0.310,0.330,-0.039,0.158,-0.072,0.117,-0.117,0.109
381,1941,10,0.234,0.714,0.251,0.299,-0.049,0.160,-0.070,0.117,-0.117,0.108
382,1941,11,-0.174,0.650,0.236,0.289,-0.046,0.163,-0.072,0.121,-0.116,0.107
383,1941,12,0.071,0.674,0.239,0.287,-0.059,0.163,-0.078,0.121,-0.115,0.108
384,1942,1,0.343,0.622,0.188,0.281,-0.063,0.161,-0.084,0.124,-0.116,0.107
385,1942,2,0.523,0.702,0.202,0.281,-0.067,0.156,-0.086,0.125,-0.116,0.107
386,1942,3,0.633,0.627,0.217,0.274,-0.072,0.152,-0.084,0.126,-0.116,0.106
387,1942,4,-0.143,0.596,0.175,0.274,-0.069,0.154,-0.084,0.125,-0.115,0.107
388,1942,5,0.262,0.557,0.151,0.264,-0.070,0.154,-0.086,0.125,-0.114,0.107
389,1942,6,0.040,0.569,0.126,0.262,-0.061,0.156,-0.084,0.125,-0.111,0.106
390,1942,7,0.252,0.557,0.058,0.262,-0.052,0.159,-0.087,0.121,-0.110,0.106
391,1942,8,0.277,0.575,-0.008,0.273,-0.039,0.159,-0.089,0.117,-0.111,0.106
392,1942,9,0.289,0.573,-0.094,0.290,-0.038,0.160,-0.092,0.118,-0.111,0.105
393,1942,10,-0.277,0.668,-0.121,0.311,-0.034,0.162,-0.094,0.118,-0.111,0.105
394,1942,11,-0.459,0.700,-0.128,0.304,-0.040,0.158,-0.092,0.119,-0.111,0.105
395,1942,12,-0.231,0.549,-0.142,0.298,-0.046,0.155,-0.089,0.121,-0.110,0.104
396,1943,1,-0.476,0.568,-0.221,0.323,-0.047,0.158,-0.090,0.122,-0.108,0.104
397,1943,2,-0.266,0.751,-0.346,0.325,-0.053,0.154,-0.091,0.121,-0.109,0.104
398,1943,3,-0.401,0.793,-0.407,0.332,-0.053,0.160,-0.094,0.123,-0.109,0.104
399,1943,4,-0.465,0.718,-0.409,0.324,-0.065,0.157,-0.095,0.125,-0.109,0.104
400,1943,5,0.186,0.588,-0.406,0.317,-0.080,0.151,-0.099,0.124,-0.108,0.104
401,1943,6,-0.137,0.667,-0.372,0.314,-0.087,0.152,-0.100,0.126,-0.105,0.104
402,1943,7,-0.697,0.668,-0.293,0.312,-0.078,0.150,-0.103,0.127,-0.102,0.104
403,1943,8,-1.218,0.573,-0.293,0.312,-0.073,0.149,-0.102,0.128,-0.103,0.103
404,1943,9,-0.440,0.625,-0.329,0.308,-0.071,0.150,-0.101,0.128,-0.101,0.103
405,1943,10,-0.300,0.832,NaN,NaN,-0.082,0.151,-0.102,0.130,-0.098,0.103
406,1943,11,-0.421,0.618,NaN,NaN,-0.091,0.153,-0.104,0.131,-0.096,0.104
407,1943,12,0.167,0.647,NaN,NaN,-0.111,0.154,-0.109,0.133,-0.094,0.105
408,1944,1,NaN,NaN,NaN,NaN,-0.139,0.156,-0.111,0.133,-0.094,0.106
409,1944,2,NaN,NaN,NaN,NaN,-0.152,0.155,-0.116,0.133,-0.093,0.105
410,1944,3,NaN,NaN,NaN,NaN,-0.161,0.154,-0.119,0.136,-0.091,0.106
411,1944,4,NaN,NaN,NaN,NaN,-0.167,0.153,-0.123,0.138,-0.089,0.106
412,1944,5,NaN,NaN,NaN,NaN,-0.168,0.158,-0.125,0.140,-0.085,0.107
413,1944,6,NaN,NaN,NaN,NaN,-0.180,0.161,-0.131,0.141,-0.083,0.107
414,1944,7,NaN,NaN,NaN,NaN,-0.196,0.164,-0.133,0.140,-0.080,0.106
415,1944,8,NaN,NaN,NaN,NaN,-0.209,0.166,-0.130,0.139,-0.081,0.107
416,1944,9,NaN,NaN,NaN,NaN,-0.219,0.165,-0.133,0.140,-0.081,0.107
417,1944,10,NaN,NaN,NaN,NaN,-0.215,0.165,-0.134,0.139,-0.081,0.108
418,1944,11,NaN,NaN,NaN,NaN,-0.220,0.164,-0.134,0.139,-0.080,0.109
419,1944,12,0.486,0.782,NaN,NaN,-0.221,0.167,-0.133,0.139,-0.079,0.110
420,1945,1,0.130,0.809,NaN,NaN,-0.229,0.168,-0.130,0.140,-0.077,0.111
421,1945,2,-0.049,0.318,-0.121,0.252,-0.232,0.166,-0.126,0.141,-0.076,0.112
422,1945,3,-0.584,0.215,-0.116,0.254,-0.240,0.166,-0.121,0.142,-0.073,0.112
423,1945,4,-0.325,0.310,-0.178,0.239,-0.242,0.166,-0.115,0.144,-0.073,0.112
424,1945,5,-0.368,0.264,-0.172,0.210,-0.233,0.164,-0.118,0.147,-0.076,0.111
425,1945,6,-0.144,0.523,-0.220,0.179,-0.225,0.165,-0.125,0.149,-0.078,0.111
426,1945,7,-0.198,0.182,-0.186,0.150,-0.211,0.168,-0.129,0.149,-0.080,0.110
427,1945,8,-0.028,0.235,-0.139,0.164,-0.204,0.165,-0.131,0.150,-0.078,0.111
428,1945,9,-0.277,0.325,-0.071,0.172,-0.199,0.165,-0.132,0.151,-0.077,0.111
429,1945,10,-0.566,0.237,-0.052,0.200,-0.191,0.168,-0.136,0.148,-0.077,0.111
430,1945,11,-0.137,0.223,-0.030,0.228,-0.196,0.170,-0.146,0.149,-0.077,0.110
431,1945,12,-0.093,0.246,-0.119,0.203,-0.199,0.177,-0.151,0.150,-0.077,0.111
432,1946,1,0.532,0.314,-0.168,0.216,-0.189,0.178,-0.150,0.150,-0.078,0.111
433,1946,2,0.523,0.680,-0.221,0.217,-0.172,0.177,-0.149,0.151,-0.078,0.111
434,1946,3,0.225,0.308,-0.238,0.215,-0.169,0.177,-0.149,0.152,-0.077,0.111
435,1946,4,-0.096,0.732,-0.199,0.226,-0.170,0.180,-0.156,0.153,-0.077,0.111
436,1946,5,-0.100,0.629,-0.210,0.257,-0.173,0.180,-0.163,0.154,-0.079,0.111
437,1946,6,-1.211,1.814,-0.252,0.256,-0.188,0.182,-0.163,0.154,-0.081,0.109
438,1946,7,-0.793,0.346,-0.351,0.284,-0.200,0.182,-0.170,0.155,-0.081,0.110
439,1946,8,-0.663,0.362,-0.417,0.309,-0.207,0.184,-0.174,0.155,-0.083,0.109
440,1946,9,-0.475,0.407,-0.430,0.294,-0.199,0.187,-0.170,0.154,-0.085,0.109
441,1946,10,-0.100,0.417,-0.414,0.289,-0.197,0.191,-0.169,0.151,-0.083,0.109
442,1946,11,-0.272,0.923,-0.411,0.280,-0.205,0.195,-0.167,0.150,-0.083,0.109
443,1946,12,-0.593,0.597,-0.309,0.222,-0.202,0.196,-0.168,0.151,-0.084,0.109
444,1947,1,-0.655,0.936,-0.264,0.230,-0.203,0.201,-0.173,0.150,-0.085,0.109
445,1947,2,-0.267,0.215,-0.198,0.256,-0.194,0.202,-0.178,0.150,-0.086,0.110
446,1947,3,0.058,0.309,-0.175,0.268,-0.195,0.207,-0.186,0.148,-0.085,0.111
447,1947,4,0.105,0.387,-0.202,0.293,-0.198,0.205,-0.186,0.150,-0.086,0.112
448,1947,5,-0.070,0.375,-0.173,0.277,-0.197,0.203,-0.189,0.150,-0.086,0.112
449,1947,6,0.013,0.610,-0.101,0.319,-0.206,0.202,-0.186,0.151,-0.085,0.113
450,1947,7,-0.253,0.602,-0.017,0.301,-0.209,0.202,-0.187,0.152,-0.084,0.111
451,1947,8,0.132,0.560,0.018,0.295,-0.212,0.202,-0.190,0.151,-0.084,0.109
452,1947,9,-0.198,0.669,0.004,0.318,-0.203,0.202,-0.192,0.151,-0.083,0.109
453,1947,10,-0.424,0.560,-0.000,0.354,-0.197,0.209,-0.192,0.151,-0.082,0.109
454,1947,11,0.077,0.323,-0.008,0.350,-0.195,0.218,-0.189,0.150,-0.081,0.109
455,1947,12,0.270,0.450,-0.034,0.336,-0.203,0.222,-0.187,0.151,-0.080,0.110
456,1948,1,0.354,0.545,-0.022,0.343,-0.210,0.222,-0.182,0.152,-0.083,0.110
457,1948,2,0.158,0.659,-0.050,0.352,-0.210,0.228,-0.181,0.150,-0.084,0.109
458,1948,3,-0.117,0.544,-0.052,0.347,-0.211,0.234,-0.178,0.148,-0.085,0.110
459,1948,4,0.058,0.826,-0.045,0.364,-0.207,0.232,-0.174,0.149,-0.085,0.110
460,1948,5,-0.167,0.279,-0.102,0.382,-0.213,0.232,-0.176,0.152,-0.087,0.109
461,1948,6,-0.292,0.455,-0.187,0.373,-0.215,0.232,-0.169,0.154,-0.088,0.110
462,1948,7,-0.114,0.464,-0.238,0.344,-0.221,0.226,-0.159,0.153,-0.089,0.110
463,1948,8,-0.203,0.423,-0.306,0.336,-0.225,0.219,-0.151,0.151,-0.087,0.110
464,1948,9,-0.220,0.355,-0.327,0.327,-0.227,0.214,-0.145,0.150,-0.084,0.110
465,1948,10,-0.350,0.374,-0.359,0.295,-0.230,0.211,-0.139,0.151,-0.082,0.110
466,1948,11,-0.600,0.360,-0.374,0.292,-0.235,0.206,-0.133,0.151,-0.080,0.109
467,1948,12,-0.752,0.302,-0.374,0.263,-0.214,0.218,-0.132,0.152,-0.079,0.110
468,1949,1,-0.263,0.280,-0.397,0.249,-0.202,0.220,-0.135,0.155,-0.079,0.110
469,1949,2,-0.654,0.406,-0.380,0.248,-0.197,0.221,-0.129,0.152,-0.078,0.110
470,1949,3,-0.362,0.448,-0.394,0.250,-0.178,0.217,-0.118,0.151,-0.078,0.111
471,1949,4,-0.329,0.337,-0.367,0.241,-0.171,0.213,-0.111,0.151,-0.079,0.112
472,1949,5,-0.343,0.314,-0.326,0.237,-0.166,0.194,-0.111,0.152,-0.079,0.113
473,1949,6,-0.300,0.266,-0.269,0.242,-0.157,0.199,-0.104,0.150,-0.078,0.114
474,1949,7,-0.386,0.217,-0.252,0.257,-0.150,0.185,-0.097,0.150,-0.075,0.113
475,1949,8,0.002,0.288,-0.219,0.234,-0.147,0.179,-0.092,0.150,-0.072,0.112
476,1949,9,-0.384,0.334,-0.191,0.208,-0.154,0.174,-0.092,0.153,-0.072,0.110
477,1949,10,-0.027,0.322,-0.158,0.211,-0.158,0.178,-0.096,0.152,-0.070,0.109
478,1949,11,-0.116,0.323,-0.153,0.249,-0.157,0.176,-0.094,0.151,-0.069,0.109
479,1949,12,-0.063,0.267,-0.181,0.275,-0.152,0.170,-0.098,0.150,-0.067,0.111
480,1950,1,-0.062,0.485,-0.200,0.272,-0.145,0.168,-0.101,0.148,-0.064,0.112
481,1950,2,-0.258,0.285,-0.200,0.304,-0.149,0.167,-0.100,0.147,-0.060,0.111
482,1950,3,-0.019,0.278,-0.199,0.324,-0.145,0.162,-0.091,0.147,-0.057,0.112
483,1950,4,0.056,0.735,-0.223,0.324,-0.141,0.160,-0.089,0.145,-0.053,0.113
484,1950,5,-0.274,0.942,-0.254,0.338,-0.145,0.159,-0.091,0.142,-0.053,0.112
485,1950,6,-0.640,0.533,-0.266,0.344,-0.149,0.155,-0.095,0.140,-0.056,0.111
486,1950,7,-0.614,0.226,-0.248,0.324,-0.152,0.150,-0.097,0.139,-0.055,0.113
487,1950,8,0.005,0.822,-0.200,0.302,-0.158,0.150,-0.096,0.137,-0.058,0.111
488,1950,9,-0.370,0.481,-0.193,0.278,-0.157,0.146,-0.095,0.137,-0.058,0.112
489,1950,10,-0.324,0.245,-0.220,0.211,-0.158,0.144,-0.092,0.135,-0.061,0.111
490,1950,11,-0.488,0.237,-0.231,0.158,-0.155,0.149,-0.093,0.133,-0.066,0.108
491,1950,12,-0.199,0.274,-0.174,0.153,-0.140,0.146,-0.096,0.132,-0.068,0.106
492,1951,1,0.154,0.376,-0.125,0.147,-0.129,0.144,-0.105,0.131,-0.069,0.107
493,1951,2,0.313,0.160,-0.156,0.157,-0.130,0.143,-0.113,0.132,-0.068,0.109
494,1951,3,0.058,0.456,-0.071,0.165,-0.121,0.142,-0.117,0.132,-0.067,0.110
495,1951,4,-0.264,0.472,-0.015,0.177,-0.108,0.143,-0.118,0.132,-0.068,0.110
496,1951,5,-0.401,0.507,0.025,0.219,-0.093,0.144,-0.120,0.132,-0.069,0.109
497,1951,6,0.043,0.324,0.038,0.232,-0.077,0.147,-0.112,0.129,-0.070,0.110
498,1951,7,-0.030,0.341,0.004,0.230,-0.071,0.153,-0.106,0.129,-0.074,0.110
499,1951,8,-0.368,0.270,-0.029,0.265,-0.052,0.148,-0.099,0.130,-0.077,0.111
500,1951,9,0.648,0.254,-0.063,0.281,-0.038,0.143,-0.098,0.128,-0.077,0.110
501,1951,10,0.350,0.279,-0.052,0.258,-0.025,0.140,-0.097,0.126,-0.080,0.108
502,1951,11,-0.001,0.729,-0.019,0.227,-0.016,0.138,-0.093,0.119,-0.082,0.108
503,1951,12,-0.043,0.219,0.002,0.243,-0.007,0.134,-0.091,0.120,-0.084,0.108
504,1952,1,-0.259,0.335,0.019,0.254,0.008,0.132,-0.085,0.114,-0.085,0.107
505,1952,2,-0.078,0.685,0.041,0.273,0.010,0.133,-0.086,0.114,-0.088,0.107
506,1952,3,-0.347,0.786,-0.010,0.301,0.010,0.135,-0.087,0.116,-0.089,0.106
507,1952,4,-0.140,0.254,-0.055,0.304,0.007,0.138,-0.087,0.118,-0.090,0.107
508,1952,5,-0.007,0.273,-0.068,0.283,0.009,0.140,-0.086,0.118,-0.089,0.108
509,1952,6,0.299,0.452,-0.059,0.301,0.009,0.141,-0.085,0.117,-0.089,0.110
510,1952,7,0.181,0.218,-0.025,0.311,0.007,0.138,-0.081,0.117,-0.090,0.110
511,1952,8,-0.106,0.468,-0.038,0.294,0.013,0.141,-0.079,0.118,-0.091,0.110
512,1952,9,0.038,0.415,-0.010,0.282,0.021,0.140,-0.075,0.117,-0.091,0.111
513,1952,10,-0.202,0.362,-0.001,0.319,0.018,0.142,-0.070,0.117,-0.090,0.114
514,1952,11,-0.152,0.429,0.003,0.380,0.013,0.146,-0.069,0.116,-0.088,0.115
515,1952,12,0.060,0.424,0.029,0.366,0.014,0.148,-0.071,0.114,-0.089,0.116
516,1953,1,0.151,0.429,0.056,0.350,0.016,0.147,-0.075,0.111,-0.089,0.116
517,1953,2,-0.234,0.336,0.045,0.300,0.018,0.156,-0.077,0.112,-0.089,0.117
518,1953,3,-0.012,0.349,0.067,0.264,0.020,0.160,-0.076,0.111,-0.087,0.116
519,1953,4,-0.027,0.578,0.121,0.247,0.023,0.162,-0.075,0.108,-0.087,0.116
520,1953,5,0.034,0.763,0.159,0.236,0.027,0.166,-0.074,0.109,-0.089,0.117
521,1953,6,0.623,0.410,0.172,0.226,0.024,0.169,-0.075,0.109,-0.089,0.119
522,1953,7,0.496,0.295,0.168,0.236,0.010,0.167,-0.075,0.110,-0.088,0.120
523,1953,8,-0.229,0.308,0.226,0.208,-0.001,0.170,-0.071,0.111,-0.081,0.120
524,1953,9,0.295,0.173,0.268,0.209,-0.006,0.168,-0.068,0.111,-0.079,0.121
525,1953,10,0.451,0.302,0.305,0.217,-0.005,0.166,-0.062,0.110,-0.080,0.123
526,1953,11,0.304,0.411,0.319,0.227,-0.004,0.164,-0.056,0.107,-0.080,0.123
527,1953,12,0.207,0.441,0.291,0.218,-0.009,0.164,-0.049,0.105,-0.082,0.124
528,1954,1,0.114,0.666,0.291,0.213,-0.011,0.164,-0.048,0.105,-0.082,0.123
529,1954,2,0.455,0.412,0.318,0.242,-0.002,0.159,-0.040,0.106,-0.082,0.123
530,1954,3,0.492,0.228,0.262,0.273,-0.018,0.157,-0.037,0.105,-0.080,0.123
531,1954,4,0.413,0.429,0.208,0.285,-0.023,0.149,-0.036,0.106,-0.078,0.124
532,1954,5,0.208,0.268,0.184,0.278,-0.020,0.139,-0.032,0.107,-0.081,0.125
533,1954,6,0.282,0.417,0.160,0.247,-0.025,0.137,-0.026,0.113,-0.079,0.125
534,1954,7,0.502,0.320,0.134,0.227,-0.020,0.134,-0.017,0.116,-0.078,0.126
535,1954,8,0.091,0.376,0.107,0.241,-0.024,0.131,-0.015,0.119,-0.078,0.126
536,1954,9,-0.372,0.408,0.101,0.248,-0.020,0.130,-0.010,0.120,-0.077,0.127
537,1954,10,-0.202,0.406,0.058,0.234,-0.017,0.136,-0.007,0.123,-0.077,0.126
538,1954,11,0.020,0.308,-0.004,0.234,-0.016,0.145,-0.004,0.125,-0.076,0.125
539,1954,12,-0.080,0.296,-0.078,0.234,-0.018,0.146,0.000,0.127,-0.079,0.125
540,1955,1,-0.203,0.259,-0.163,0.231,-0.018,0.147,0.002,0.126,-0.080,0.124
541,1955,2,0.137,0.287,-0.160,0.208,-0.009,0.146,0.006,0.123,-0.080,0.123
542,1955,3,0.420,0.412,-0.146,0.218,-0.005,0.142,0.006,0.120,-0.079,0.124
543,1955,4,-0.107,0.455,-0.146,0.210,0.001,0.139,0.009,0.121,-0.079,0.124
544,1955,5,-0.541,0.470,-0.166,0.208,0.007,0.135,0.011,0.124,-0.077,0.124
545,1955,6,-0.599,0.433,-0.192,0.235,0.006,0.135,0.013,0.125,-0.077,0.124
546,1955,7,-0.522,0.279,-0.230,0.226,0.001,0.136,0.019,0.126,-0.078,0.125
547,1955,8,0.133,0.258,-0.269,0.198,0.004,0.141,0.015,0.128,-0.076,0.126
548,1955,9,-0.212,0.423,-0.325,0.176,0.004,0.145,0.017,0.126,-0.075,0.124
549,1955,10,-0.194,0.226,-0.335,0.156,0.007,0.148,0.014,0.127,-0.075,0.123
550,1955,11,-0.223,0.382,-0.316,0.159,0.006,0.159,0.015,0.126,-0.075,0.123
551,1955,12,-0.390,0.285,-0.289,0.161,-0.011,0.160,0.014,0.127,-0.074,0.123
552,1956,1,-0.659,0.252,-0.257,0.173,-0.022,0.162,0.012,0.128,-0.077,0.124
553,1956,2,-0.335,0.309,-0.255,0.175,-0.012,0.167,0.013,0.129,-0.078,0.124
554,1956,3,-0.249,0.311,-0.263,0.192,-0.014,0.169,0.015,0.129,-0.080,0.125
555,1956,4,-0.225,0.281,-0.242,0.200,-0.015,0.168,0.020,0.129,-0.078,0.125
556,1956,5,-0.322,0.422,-0.211,0.214,-0.020,0.165,0.025,0.126,-0.076,0.125
557,1956,6,-0.272,0.417,-0.208,0.219,-0.021,0.162,0.022,0.127,-0.071,0.123
558,1956,7,-0.140,0.301,-0.147,0.235,-0.025,0.161,0.021,0.126,-0.066,0.122
559,1956,8,0.163,0.329,-0.146,0.246,-0.027,0.163,0.021,0.125,-0.063,0.123
560,1956,9,-0.312,0.238,-0.133,0.258,-0.037,0.165,0.015,0.124,-0.062,0.121
561,1956,10,0.059,0.413,-0.110,0.251,-0.046,0.163,0.008,0.123,-0.061,0.121
562,1956,11,0.154,0.609,-0.080,0.224,-0.047,0.165,0.004,0.120,-0.059,0.119
563,1956,12,-0.359,0.336,-0.044,0.202,-0.046,0.169,0.001,0.119,-0.057,0.123
564,1957,1,0.077,0.381,-0.016,0.184,-0.041,0.170,0.004,0.118,-0.052,0.124
565,1957,2,-0.327,0.347,0.006,0.175,-0.039,0.173,0.002,0.117,-0.049,0.126
566,1957,3,-0.094,0.219,0.056,0.164,-0.030,0.171,0.008,0.117,-0.053,0.128
567,1957,4,0.049,0.359,0.062,0.169,-0.021,0.172,0.007,0.118,-0.056,0.129
568,1957,5,0.043,0.720,0.066,0.176,-0.017,0.174,0.011,0.121,-0.056,0.128
569,1957,6,0.159,0.472,0.099,0.194,-0.009,0.179,0.009,0.123,-0.058,0.126
570,1957,7,0.192,0.452,0.080,0.211,-0.003,0.181,0.007,0.124,-0.059,0.129
571,1957,8,0.425,0.401,0.101,0.252,-0.002,0.174,0.009,0.126,-0.059,0.134
572,1957,9,0.291,0.339,0.108,0.258,-0.009,0.168,0.010,0.128,-0.059,0.134
573,1957,10,0.139,0.457,0.119,0.244,0.000,0.163,0.011,0.131,-0.059,0.136
574,1957,11,0.195,0.573,0.111,0.230,0.008,0.163,0.012,0.133,-0.061,0.136
575,1957,12,0.044,0.537,0.065,0.238,0.013,0.158,0.009,0.135,-0.064,0.135
576,1958,1,-0.158,0.307,0.038,0.244,0.022,0.160,0.004,0.137,-0.065,0.133
577,1958,2,-0.079,0.637,0.031,0.255,0.013,0.160,0.003,0.139,-0.068,0.133
578,1958,3,-0.010,0.228,0.019,0.266,0.013,0.152,0.003,0.143,-0.068,0.132
579,1958,4,0.187,0.255,0.040,0.255,0.005,0.151,0.000,0.146,-0.071,0.131
580,1958,5,-0.052,0.398,0.028,0.247,0.003,0.152,-0.003,0.151,-0.070,0.132
581,1958,6,-0.400,0.459,0.033,0.231,0.005,0.152,-0.009,0.152,-0.070,0.133
582,1958,7,-0.126,0.544,0.038,0.231,0.014,0.156,-0.016,0.155,-0.071,0.134
583,1958,8,0.338,0.424,0.071,0.233,0.026,0.156,-0.011,0.159,-0.069,0.136
584,1958,9,0.153,0.337,0.066,0.249,0.035,0.160,-0.014,0.163,-0.069,0.137
585,1958,10,0.391,0.278,0.038,0.251,0.045,0.157,-0.021,0.165,-0.069,0.137
586,1958,11,0.048,0.556,0.052,0.261,0.053,0.156,-0.027,0.165,-0.068,0.137
587,1958,12,0.100,0.411,0.118,0.296,0.053,0.160,-0.031,0.169,-0.066,0.135
588,1959,1,-0.096,0.349,0.192,0.284,0.054,0.155,-0.029,0.166,-0.067,0.135
589,1959,2,0.320,0.424,0.184,0.298,0.044,0.159,-0.035,0.167,-0.068,0.135
590,1959,3,-0.073,0.405,0.184,0.319,0.048,0.153,-0.041,0.168,-0.065,0.135
591,1959,4,-0.148,0.616,0.178,0.364,0.040,0.153,-0.046,0.166,-0.063,0.134
592,1959,5,0.118,0.602,0.197,0.399,0.027,0.151,-0.052,0.166,-0.060,0.137
593,1959,6,0.393,1.325,0.223,0.420,0.027,0.146,-0.053,0.162,-0.058,0.138
594,1959,7,0.762,0.457,0.243,0.430,0.028,0.144,-0.059,0.162,-0.056,0.140
595,1959,8,0.240,0.645,0.235,0.332,0.028,0.143,-0.063,0.164,-0.056,0.141
596,1959,9,0.156,0.338,0.238,0.272,0.035,0.147,-0.062,0.162,-0.053,0.143
597,1959,10,0.318,0.609,0.289,0.215,0.031,0.143,-0.059,0.157,-0.052,0.145
598,1959,11,0.270,0.400,0.275,0.228,0.038,0.141,-0.058,0.155,-0.048,0.146
599,1959,12,0.416,0.312,0.215,0.272,0.035,0.143,-0.060,0.157,-0.045,0.147
600,1960,1,0.146,0.261,0.153,0.325,0.032,0.143,-0.059,0.158,-0.045,0.149
601,1960,2,0.220,1.137,0.097,0.363,0.026,0.148,-0.060,0.156,-0.043,0.152
602,1960,3,-0.040,1.004,0.068,0.395,0.025,0.153,-0.068,0.155,-0.040,0.154
603,1960,4,0.470,1.053,-0.014,0.437,0.022,0.161,-0.069,0.155,-0.039,0.158
604,1960,5,-0.053,0.718,-0.067,0.502,0.018,0.168,-0.064,0.155,-0.037,0.161
605,1960,6,-0.324,0.520,-0.123,0.512,0.012,0.167,-0.060,0.156,-0.033,0.166
606,1960,7,0.023,0.485,-0.142,0.539,0.006,0.170,-0.058,0.159,-0.030,0.170
607,1960,8,-0.435,0.472,-0.128,0.441,0.003,0.174,-0.056,0.161,-0.030,0.174
608,1960,9,-0.195,0.636,-0.104,0.371,0.003,0.177,-0.055,0.158,-0.030,0.175
609,1960,10,-0.665,0.278,-0.111,0.289,-0.007,0.179,-0.057,0.155,-0.029,0.176
610,1960,11,-0.369,0.698,-0.092,0.249,-0.012,0.186,-0.056,0.156,-0.025,0.175
611,1960,12,-0.257,0.302,-0.088,0.248,-0.007,0.188,-0.053,0.156,-0.023,0.176
612,1961,1,-0.084,0.508,-0.099,0.203,-0.011,0.195,-0.048,0.156,-0.022,0.175
613,1961,2,0.391,0.355,-0.096,0.209,-0.009,0.204,-0.044,0.154,-0.023,0.176
614,1961,3,0.249,0.400,-0.086,0.170,-0.014,0.208,-0.043,0.156,-0.023,0.176
615,1961,4,0.385,0.429,-0.069,0.164,-0.027,0.214,-0.038,0.156,-0.021,0.175
616,1961,5,0.170,0.303,-0.087,0.147,-0.034,0.216,-0.032,0.156,-0.020,0.173
617,1961,6,-0.271,0.585,-0.095,0.154,-0.041,0.224,-0.030,0.153,-0.021,0.172
618,1961,7,-0.108,0.580,-0.080,0.204,-0.033,0.217,-0.026,0.149,-0.025,0.171
619,1961,8,-0.404,0.631,-0.141,0.188,-0.043,0.218,-0.026,0.149,-0.027,0.170
620,1961,9,-0.074,0.762,-0.131,0.224,-0.045,0.224,-0.027,0.147,-0.031,0.169
621,1961,10,-0.459,0.310,-0.181,0.211,-0.045,0.226,-0.025,0.147,-0.034,0.169
622,1961,11,-0.587,0.191,-0.157,0.167,-0.056,0.228,-0.025,0.149,-0.034,0.169
623,1961,12,-0.345,0.565,-0.132,0.134,-0.061,0.231,-0.022,0.156,-0.034,0.169
624,1962,1,0.087,0.696,-0.124,0.126,-0.077,0.235,-0.019,0.164,-0.034,0.170
625,1962,2,-0.334,0.205,-0.084,0.123,-0.088,0.243,-0.012,0.165,-0.035,0.171
626,1962,3,0.365,0.621,-0.059,0.174,-0.093,0.242,-0.018,0.168,-0.036,0.171
627,1962,4,-0.210,0.366,-0.026,0.259,-0.097,0.234,-0.024,0.165,-0.038,0.172
628,1962,5,0.460,0.669,0.021,0.332,-0.098,0.226,-0.026,0.161,-0.041,0.172
629,1962,6,0.019,1.242,0.021,0.394,-0.111,0.226,-0.031,0.158,-0.045,0.172
630,1962,7,-0.009,0.249,-0.027,0.481,-0.114,0.226,-0.036,0.162,-0.048,0.171
631,1962,8,0.083,0.457,-0.024,0.521,-0.118,0.204,-0.039,0.170,-0.049,0.173
632,1962,9,0.222,0.724,-0.052,0.568,-0.126,0.196,-0.043,0.171,-0.050,0.175
633,1962,10,-0.062,1.260,-0.070,0.569,-0.138,0.185,-0.048,0.172,-0.049,0.175
634,1962,11,-0.024,1.111,-0.136,0.565,-0.136,0.180,-0.053,0.172,-0.049,0.175
635,1962,12,-0.345,0.414,-0.147,0.504,-0.134,0.180,-0.057,0.172,-0.049,0.177
636,1963,1,-0.487,0.542,-0.177,0.544,-0.137,0.184,-0.055,0.169,-0.051,0.177
637,1963,2,-0.298,0.592,-0.146,0.550,-0.124,0.182,-0.059,0.169,-0.050,0.177
638,1963,3,0.025,0.422,-0.175,0.518,-0.122,0.178,-0.060,0.168,-0.048,0.178
639,1963,4,-0.428,0.356,-0.205,0.463,-0.119,0.171,-0.066,0.169,-0.046,0.178
640,1963,5,-0.322,0.507,-0.233,0.412,-0.115,0.169,-0.066,0.171,-0.045,0.177
641,1963,6,-0.122,0.470,-0.233,0.464,-0.110,0.169,-0.065,0.174,-0.046,0.176
642,1963,7,-0.368,0.751,-0.157,0.412,-0.109,0.166,-0.066,0.176,-0.047,0.174
643,1963,8,0.457,0.692,-0.156,0.386,-0.114,0.167,-0.068,0.179,-0.045,0.175
644,1963,9,-0.124,0.777,-0.176,0.387,-0.120,0.167,-0.071,0.181,-0.045,0.177
645,1963,10,-0.426,0.518,-0.154,0.350,-0.120,0.170,-0.077,0.185,-0.048,0.175
646,1963,11,-0.358,0.468,-0.170,0.308,-0.118,0.173,-0.080,0.185,-0.048,0.175
647,1963,12,-0.344,0.823,-0.154,0.261,-0.112,0.169,-0.083,0.182,-0.048,0.175
648,1964,1,0.431,0.603,-0.138,0.244,-0.106,0.164,-0.086,0.180,-0.048,0.176
649,1964,2,-0.295,0.271,-0.212,0.245,-0.096,0.165,-0.095,0.181,-0.047,0.177
650,1964,3,-0.206,0.496,-0.214,0.259,-0.102,0.161,-0.093,0.182,-0.050,0.176
651,1964,4,-0.164,0.821,-0.169,0.334,-0.089,0.161,-0.090,0.181,-0.051,0.175
652,1964,5,-0.516,0.736,-0.124,0.416,-0.078,0.165,-0.089,0.188,-0.051,0.175
653,1964,6,0.070,0.710,-0.124,0.446,-0.072,0.180,-0.090,0.193,-0.052,0.174
654,1964,7,-0.181,0.290,-0.166,0.412,-0.066,0.199,-0.095,0.195,-0.055,0.172
655,1964,8,-0.427,0.535,-0.140,0.469,-0.051,0.204,-0.097,0.199,-0.056,0.170
656,1964,9,-0.156,0.758,-0.167,0.489,-0.072,0.211,-0.095,0.202,-0.054,0.167
657,1964,10,0.115,1.207,-0.176,0.451,-0.080,0.207,-0.096,0.204,-0.052,0.164
658,1964,11,0.187,0.889,-0.124,0.403,-0.089,0.198,-0.093,0.205,-0.049,0.165
659,1964,12,-0.345,0.238,-0.147,0.308,-0.097,0.188,-0.090,0.206,-0.046,0.164
660,1965,1,-0.068,0.235,-0.148,0.236,-0.104,0.197,-0.092,0.211,-0.042,0.165
661,1965,2,0.008,0.925,-0.081,0.247,-0.105,0.211,-0.091,0.212,-0.041,0.168
662,1965,3,-0.524,0.331,-0.076,0.211,-0.111,0.210,-0.086,0.213,-0.043,0.167
663,1965,4,-0.275,0.335,-0.124,0.190,-0.117,0.209,-0.088,0.215,-0.042,0.168
664,1965,5,0.113,0.303,-0.154,0.168,-0.125,0.210,-0.085,0.218,-0.039,0.166
665,1965,6,-0.208,0.755,-0.118,0.204,-0.126,0.212,-0.079,0.225,-0.036,0.167
666,1965,7,-0.201,1.127,-0.118,0.210,-0.117,0.212,-0.079,0.232,-0.035,0.166
667,1965,8,0.381,0.319,-0.106,0.294,-0.121,0.215,-0.076,0.239,-0.039,0.165
668,1965,9,-0.092,0.634,-0.076,0.312,-0.123,0.214,-0.077,0.242,-0.039,0.165
669,1965,10,-0.458,0.886,-0.021,0.355,-0.125,0.214,-0.071,0.242,-0.038,0.167
670,1965,11,-0.174,0.369,-0.004,0.400,-0.120,0.215,-0.065,0.240,-0.039,0.166
671,1965,12,0.079,0.638,0.019,0.459,-0.124,0.221,-0.061,0.240,-0.037,0.164
672,1966,1,-0.065,0.315,0.056,0.548,-0.121,0.228,-0.057,0.239,-0.034,0.160
673,1966,2,0.150,2.154,0.044,0.540,-0.127,0.234,-0.060,0.238,-0.032,0.157
674,1966,3,-0.159,0.493,0.016,0.505,-0.128,0.235,-0.061,0.237,-0.031,0.157
675,1966,4,0.381,0.856,0.077,0.464,-0.126,0.240,-0.062,0.235,-0.032,0.152
676,1966,5,0.315,0.733,0.100,0.408,-0.126,0.242,-0.064,0.233,-0.033,0.146
677,1966,6,0.066,0.407,0.093,0.329,-0.124,0.241,-0.065,0.230,-0.032,0.142
678,1966,7,0.250,0.600,0.138,0.355,-0.139,0.235,-0.071,0.229,-0.032,0.142
679,1966,8,0.231,0.301,0.173,0.327,-0.148,0.235,-0.075,0.228,-0.034,0.142
680,1966,9,-0.423,0.337,0.112,0.342,-0.142,0.243,-0.076,0.226,-0.033,0.140
681,1966,10,0.271,0.345,0.023,0.329,-0.135,0.237,-0.076,0.228,-0.031,0.141
682,1966,11,0.111,0.986,-0.012,0.313,-0.122,0.240,-0.072,0.229,-0.032,0.139
683,1966,12,-0.010,1.746,-0.057,0.324,-0.120,0.242,-0.069,0.231,-0.029,0.138
684,1967,1,0.477,1.637,-0.112,0.425,-0.114,0.245,-0.072,0.233,-0.028,0.139
685,1967,2,0.573,0.521,-0.127,0.516,-0.105,0.253,-0.073,0.235,-0.025,0.140
686,1967,3,-0.895,1.009,-0.107,0.557,-0.097,0.256,-0.080,0.234,-0.024,0.137
687,1967,4,-0.686,0.272,-0.164,0.592,-0.096,0.260,-0.083,0.236,-0.024,0.133
688,1967,5,-0.102,0.547,-0.215,0.542,-0.087,0.264,-0.092,0.231,-0.025,0.128
689,1967,6,-0.484,0.481,-0.246,0.418,-0.070,0.266,-0.099,0.230,-0.024,0.124
690,1967,7,-0.406,0.792,-0.282,0.254,-0.070,0.275,-0.104,0.228,-0.024,0.120
691,1967,8,0.050,1.183,-0.377,0.252,-0.064,0.281,-0.107,0.232,-0.023,0.117
692,1967,9,-0.181,0.385,-0.311,0.211,-0.045,0.293,-0.110,0.234,-0.023,0.117
693,1967,10,-0.411,0.357,-0.298,0.240,-0.037,0.304,-0.110,0.235,-0.023,0.117
694,1967,11,-0.502,0.399,-0.293,0.314,-0.034,0.320,-0.111,0.237,-0.025,0.116
695,1967,12,-0.381,0.287,-0.280,0.390,-0.025,0.341,-0.108,0.240,-0.025,0.116
696,1968,1,0.041,0.738,-0.260,0.384,-0.020,0.355,-0.105,0.240,-0.025,0.115
697,1968,2,-0.563,0.276,-0.257,0.359,-0.028,0.363,-0.102,0.240,-0.028,0.113
698,1968,3,-0.108,0.463,-0.258,0.372,-0.033,0.362,-0.100,0.240,-0.028,0.112
699,1968,4,-0.525,0.380,-0.251,0.409,-0.023,0.356,-0.093,0.237,-0.028,0.110
700,1968,5,-0.041,0.709,-0.240,0.401,-0.015,0.350,-0.087,0.233,-0.025,0.106
701,1968,6,-0.337,0.904,-0.226,0.369,-0.012,0.346,-0.083,0.232,-0.024,0.103
702,1968,7,-0.163,0.728,-0.269,0.398,-0.004,0.342,-0.077,0.229,-0.021,0.103
703,1968,8,0.093,0.702,-0.291,0.417,-0.006,0.335,-0.080,0.231,-0.023,0.103
704,1968,9,-0.195,0.538,-0.267,0.371,-0.002,0.329,-0.077,0.233,-0.023,0.104
705,1968,10,-0.328,0.819,-0.201,0.347,-0.004,0.324,-0.074,0.233,-0.023,0.102
706,1968,11,-0.374,0.209,-0.176,0.352,-0.010,0.319,-0.070,0.236,-0.025,0.102
707,1968,12,-0.209,0.535,-0.132,0.320,-0.018,0.319,-0.064,0.239,-0.026,0.101
708,1969,1,-0.471,0.304,-0.104,0.282,-0.035,0.322,-0.066,0.242,-0.026,0.100
709,1969,2,-0.832,0.440,-0.103,0.278,-0.053,0.322,-0.059,0.243,-0.027,0.097
710,1969,3,0.175,0.882,-0.062,0.301,-0.051,0.323,-0.060,0.242,-0.026,0.095
711,1969,4,0.271,0.556,-0.018,0.349,-0.064,0.326,-0.056,0.238,-0.025,0.093
712,1969,5,0.261,0.951,0.071,0.397,-0.066,0.313,-0.051,0.237,-0.025,0.093
713,1969,6,0.191,0.735,0.148,0.429,-0.065,0.295,-0.051,0.233,-0.024,0.092
714,1969,7,0.171,0.533,0.182,0.499,-0.077,0.279,-0.052,0.228,-0.027,0.092
715,1969,8,0.099,0.596,0.282,0.542,-0.095,0.277,-0.049,0.228,-0.028,0.092
716,1969,9,0.301,0.698,0.315,0.552,-0.088,0.272,-0.047,0.221,-0.026,0.093
717,1969,10,0.203,1.014,0.310,0.609,-0.087,0.279,-0.045,0.215,-0.027,0.093
718,1969,11,0.691,0.710,0.313,0.623,-0.096,0.278,-0.041,0.215,-0.028,0.093
719,1969,12,0.712,0.375,0.327,0.688,-0.101,0.284,-0.032,0.212,-0.030,0.093
720,1970,1,-0.063,1.073,0.320,0.756,-0.104,0.271,-0.025,0.215,-0.031,0.093
721,1970,2,0.369,0.648,0.304,0.777,-0.109,0.264,-0.023,0.219,-0.031,0.093
722,1970,3,0.577,0.864,0.247,0.727,-0.108,0.268,-0.019,0.219,-0.030,0.094
723,1970,4,0.203,0.873,0.239,0.660,-0.103,0.269,-0.015,0.221,-0.030,0.093
724,1970,5,0.298,0.954,0.208,0.624,-0.097,0.269,-0.015,0.217,-0.028,0.091
725,1970,6,0.366,1.313,0.173,0.617,-0.090,0.275,-0.013,0.223,-0.025,0.090
726,1970,7,0.084,1.412,0.210,0.597,-0.093,0.273,-0.013,0.220,-0.023,0.088
727,1970,8,-0.096,0.759,0.182,0.564,-0.083,0.269,-0.022,0.215,-0.018,0.088
728,1970,9,-0.380,0.397,0.141,0.499,-0.077,0.270,-0.023,0.214,-0.017,0.090
729,1970,10,0.102,0.195,0.148,0.444,-0.060,0.263,-0.020,0.215,-0.013,0.092
730,1970,11,0.329,0.958,0.117,0.368,-0.054,0.254,-0.021,0.211,-0.010,0.092
731,1970,12,0.286,0.599,0.054,0.306,-0.042,0.245,-0.022,0.205,-0.007,0.095
732,1971,1,0.377,0.652,-0.018,0.226,-0.033,0.234,-0.020,0.197,-0.003,0.096
733,1971,2,0.035,0.465,-0.083,0.166,-0.033,0.234,-0.021,0.187,-0.004,0.094
734,1971,3,0.091,0.253,-0.075,0.191,-0.026,0.238,-0.019,0.184,-0.003,0.093
735,1971,4,0.287,0.221,-0.124,0.194,-0.023,0.236,-0.026,0.174,0.000,0.095
736,1971,5,-0.079,0.429,-0.157,0.206,-0.013,0.239,-0.033,0.163,0.003,0.095
737,1971,6,-0.387,0.575,-0.174,0.169,-0.004,0.245,-0.035,0.157,0.005,0.093
738,1971,7,-0.784,0.224,-0.227,0.141,0.007,0.258,-0.038,0.163,0.006,0.091
739,1971,8,-0.877,0.677,-0.269,0.117,0.030,0.262,-0.042,0.162,0.008,0.089
740,1971,9,-0.281,0.291,-0.318,0.096,0.023,0.249,-0.040,0.161,0.010,0.089
741,1971,10,-0.481,0.478,-0.395,0.094,0.023,0.247,-0.037,0.163,0.015,0.090
742,1971,11,-0.064,0.914,-0.441,0.100,0.019,0.241,-0.038,0.154,0.020,0.092
743,1971,12,0.081,0.363,-0.476,0.109,0.018,0.233,-0.037,0.142,0.024,0.092
744,1972,1,-0.268,0.381,-0.458,0.114,0.011,0.221,-0.037,0.135,0.025,0.092
745,1972,2,-0.464,0.371,-0.407,0.144,0.007,0.213,-0.039,0.135,0.026,0.091
746,1972,3,-0.502,0.451,-0.393,0.172,0.003,0.197,-0.030,0.128,0.025,0.091
747,1972,4,-0.631,0.378,-0.359,0.165,0.007,0.180,-0.025,0.122,0.028,0.091
748,1972,5,-0.637,0.350,-0.365,0.175,0.005,0.176,-0.024,0.117,0.027,0.088
749,1972,6,-0.809,0.256,-0.370,0.200,0.005,0.168,-0.017,0.115,0.027,0.085
750,1972,7,-0.559,0.252,-0.363,0.179,0.019,0.166,-0.012,0.106,0.027,0.083
751,1972,8,-0.269,0.727,-0.321,0.151,0.018,0.170,-0.007,0.097,0.027,0.082
752,1972,9,-0.112,0.413,-0.255,0.152,0.008,0.155,-0.003,0.097,0.026,0.081
753,1972,10,-0.074,0.351,-0.163,0.122,0.008,0.149,0.001,0.096,0.024,0.081
754,1972,11,-0.139,0.278,-0.084,0.122,0.004,0.130,0.004,0.094,0.024,0.081
755,1972,12,0.020,0.496,0.018,0.124,-0.000,0.118,0.007,0.094,0.025,0.081
756,1973,1,-0.174,0.261,0.092,0.122,-0.007,0.100,0.005,0.093,0.025,0.082
757,1973,2,0.037,0.224,0.127,0.109,-0.016,0.086,0.003,0.091,0.026,0.080
758,1973,3,0.289,0.216,0.152,0.116,-0.013,0.088,0.004,0.089,0.025,0.081
759,1973,4,0.468,0.386,0.148,0.096,-0.016,0.093,0.011,0.085,0.029,0.080
760,1973,5,0.313,0.430,0.178,0.089,-0.026,0.091,0.015,0.083,0.033,0.082
761,1973,6,0.422,0.244,0.204,0.077,-0.032,0.085,0.018,0.083,0.037,0.083
762,1973,7,0.330,0.481,0.231,0.120,-0.036,0.078,0.023,0.085,0.043,0.082
763,1973,8,0.142,0.465,0.275,0.154,-0.036,0.071,0.022,0.086,0.045,0.080
764,1973,9,0.196,0.401,0.231,0.129,-0.035,0.071,0.025,0.089,0.052,0.080
765,1973,10,-0.127,0.242,0.214,0.159,-0.049,0.068,0.030,0.092,0.057,0.082
766,1973,11,0.224,0.325,0.193,0.199,-0.055,0.066,0.031,0.093,0.061,0.083
767,1973,12,0.328,0.432,0.168,0.194,-0.052,0.069,0.030,0.093,0.065,0.084
768,1974,1,0.156,0.775,0.117,0.186,-0.041,0.072,0.033,0.094,0.065,0.083
769,1974,2,0.561,0.446,0.093,0.175,-0.030,0.075,0.041,0.096,0.069,0.083
770,1974,3,-0.246,0.331,0.084,0.165,-0.029,0.083,0.042,0.093,0.074,0.086
771,1974,4,0.273,0.275,0.129,0.187,-0.011,0.089,0.040,0.092,0.079,0.086
772,1974,5,0.056,0.393,0.162,0.207,-0.009,0.100,0.039,0.090,0.086,0.085
773,1974,6,0.128,0.226,0.193,0.203,-0.008,0.106,0.042,0.089,0.088,0.084
774,1974,7,-0.288,0.459,0.243,0.226,0.003,0.104,0.042,0.086,0.092,0.087
775,1974,8,-0.141,0.356,0.225,0.213,0.017,0.106,0.042,0.086,0.095,0.088
776,1974,9,0.089,0.622,0.240,0.226,0.028,0.112,0.043,0.085,0.097,0.087
777,1974,10,0.409,0.625,0.234,0.217,0.038,0.119,0.043,0.082,0.099,0.086
778,1974,11,0.619,0.536,0.235,0.238,0.049,0.128,0.038,0.080,0.101,0.085
779,1974,12,0.701,0.418,0.234,0.237,0.067,0.139,0.031,0.080,0.105,0.086
780,1975,1,0.756,0.572,0.234,0.223,0.081,0.153,0.031,0.082,0.109,0.084
781,1975,2,0.339,0.944,0.191,0.186,0.096,0.169,0.029,0.085,0.112,0.082
782,1975,3,-0.062,0.297,0.164,0.158,0.103,0.172,0.026,0.085,0.117,0.081
783,1975,4,0.200,0.538,0.126,0.177,0.104,0.173,0.028,0.087,0.121,0.081
784,1975,5,0.072,0.645,0.051,0.132,0.105,0.175,0.029,0.089,0.121,0.081
785,1975,6,0.117,0.466,-0.015,0.117,0.104,0.178,0.029,0.092,0.122,0.083
786,1975,7,-0.295,0.236,-0.067,0.090,0.103,0.179,0.033,0.099,0.123,0.082
787,1975,8,-0.657,0.525,-0.090,0.196,0.089,0.180,0.039,0.107,0.121,0.081
788,1975,9,-0.226,0.270,-0.074,0.174,0.085,0.182,0.043,0.108,0.122,0.078
789,1975,10,-0.049,0.540,-0.134,0.295,0.082,0.189,0.045,0.106,0.125,0.077
790,1975,11,-0.289,0.191,-0.179,0.347,0.085,0.195,0.046,0.105,0.127,0.075
791,1975,12,-0.085,0.601,-0.205,0.464,0.078,0.205,0.046,0.103,0.128,0.072
792,1976,1,0.132,0.855,-0.191,0.430,0.080,0.196,0.051,0.101,0.131,0.072
793,1976,2,0.059,0.772,-0.155,0.405,0.076,0.198,0.053,0.100,0.130,0.071
794,1976,3,0.133,0.177,-0.153,0.472,0.076,0.202,0.056,0.102,0.133,0.069
795,1976,4,-0.516,1.096,-0.102,0.500,0.083,0.206,0.062,0.100,0.133,0.069
796,1976,5,-0.474,1.265,-0.072,0.529,0.074,0.210,0.070,0.097,0.134,0.069
797,1976,6,-0.192,1.028,-0.053,0.507,0.064,0.218,0.076,0.096,0.134,0.069
798,1976,7,-0.127,0.504,-0.032,0.422,0.060,0.231,0.083,0.097,0.133,0.071
799,1976,8,-0.228,0.478,-0.003,0.348,0.053,0.242,0.091,0.098,0.133,0.069
800,1976,9,-0.204,0.604,-0.000,0.397,0.060,0.245,0.097,0.099,0.136,0.070
801,1976,10,0.571,0.437,0.038,0.380,0.057,0.249,0.106,0.100,0.135,0.070
802,1976,11,0.066,0.507,0.079,0.360,0.059,0.254,0.112,0.101,0.137,0.066
803,1976,12,0.144,0.373,0.120,0.345,0.065,0.250,0.117,0.103,0.136,0.061
804,1977,1,0.380,0.393,0.151,0.426,0.073,0.239,0.122,0.104,0.135,0.056
805,1977,2,0.407,0.468,0.224,0.483,0.076,0.237,0.125,0.106,0.133,0.055
806,1977,3,0.169,0.621,0.266,0.436,0.084,0.223,0.131,0.107,0.139,0.053
807,1977,4,-0.051,0.991,0.220,0.445,0.079,0.215,0.139,0.108,0.143,0.054
808,1977,5,0.016,1.062,0.206,0.414,0.070,0.214,0.147,0.107,0.146,0.055
809,1977,6,0.296,0.772,0.191,0.378,0.057,0.208,0.154,0.110,0.151,0.057
810,1977,7,0.244,0.960,0.138,0.406,0.043,0.214,0.159,0.112,0.153,0.056
811,1977,8,0.645,0.919,0.041,0.443,0.039,0.226,0.161,0.115,0.157,0.055
812,1977,9,0.300,0.131,0.028,0.397,0.045,0.218,0.161,0.119,0.162,0.057
813,1977,10,0.024,0.119,0.056,0.371,0.049,0.225,0.158,0.121,0.166,0.058
814,1977,11,-0.102,0.213,0.097,0.335,0.054,0.215,0.159,0.122,0.170,0.058
815,1977,12,-0.038,0.261,0.075,0.329,0.059,0.223,0.158,0.126,0.174,0.058
816,1978,1,-0.252,0.170,0.090,0.231,0.072,0.227,0.155,0.126,0.176,0.059
817,1978,2,-0.762,0.251,0.029,0.149,0.094,0.230,0.155,0.128,0.180,0.059
818,1978,3,0.016,0.174,0.019,0.142,0.100,0.233,0.150,0.129,0.185,0.060
819,1978,4,0.292,0.668,0.041,0.174,0.107,0.234,0.151,0.126,0.190,0.060
820,1978,5,0.504,0.604,0.025,0.171,0.118,0.232,0.153,0.124,0.195,0.060
821,1978,6,0.029,0.713,0.005,0.201,0.125,0.215,0.157,0.123,0.198,0.061
822,1978,7,0.430,0.456,0.020,0.213,0.137,0.197,0.164,0.121,0.199,0.061
823,1978,8,-0.096,0.342,0.094,0.240,0.142,0.187,0.170,0.124,0.202,0.061
824,1978,9,0.188,0.292,0.109,0.264,0.147,0.193,0.180,0.125,0.206,0.061
825,1978,10,0.283,0.459,0.090,0.235,0.173,0.171,0.189,0.123,0.209,0.061
826,1978,11,-0.297,0.214,0.063,0.180,0.195,0.150,0.191,0.123,0.212,0.061
827,1978,12,-0.271,0.272,0.100,0.124,0.204,0.138,0.193,0.125,0.218,0.062
828,1979,1,-0.079,0.299,0.080,0.124,0.207,0.143,0.197,0.129,0.225,0.063
829,1979,2,0.129,0.468,0.094,0.132,0.213,0.143,0.197,0.129,0.232,0.063
830,1979,3,0.190,0.433,0.122,0.117,0.224,0.136,0.207,0.127,0.234,0.062
831,1979,4,0.071,0.305,0.108,0.092,0.224,0.133,0.214,0.126,0.235,0.061
832,1979,5,0.184,0.318,0.139,0.081,0.234,0.119,0.224,0.129,0.237,0.060
833,1979,6,0.471,0.246,0.158,0.088,0.242,0.116,0.227,0.127,0.237,0.059
834,1979,7,0.184,0.272,0.157,0.099,0.242,0.122,0.235,0.123,0.237,0.057
835,1979,8,0.074,0.236,0.154,0.131,0.232,0.130,0.239,0.122,0.237,0.056
836,1979,9,0.530,0.411,0.161,0.176,0.233,0.121,0.242,0.118,0.237,0.055
837,1979,10,0.108,0.289,0.193,0.201,0.239,0.107,0.244,0.114,0.236,0.053
838,1979,11,0.078,0.408,0.209,0.188,0.245,0.094,0.243,0.114,0.234,0.051
839,1979,12,-0.049,0.342,0.206,0.173,0.241,0.087,0.242,0.112,0.233,0.050
840,1980,1,-0.092,0.151,0.229,0.140,0.237,0.078,0.243,0.113,0.235,0.050
841,1980,2,0.097,0.370,0.280,0.122,0.226,0.069,0.246,0.119,0.235,0.050
842,1980,3,0.281,0.404,0.247,0.121,0.220,0.073,0.253,0.117,0.233,0.049
843,1980,4,0.445,0.295,0.267,0.137,0.212,0.077,0.257,0.120,0.234,0.049
844,1980,5,0.381,0.201,0.290,0.127,0.213,0.077,0.258,0.115,0.236,0.050
845,1980,6,0.432,0.285,0.325,0.132,0.212,0.081,0.256,0.118,0.237,0.051
846,1980,7,0.458,0.404,0.405,0.150,0.207,0.080,0.259,0.118,0.240,0.053
847,1980,8,0.688,0.756,0.423,0.119,0.220,0.085,0.264,0.116,0.241,0.055
848,1980,9,0.132,0.180,0.439,0.122,0.216,0.084,0.267,0.119,0.243,0.056
849,1980,10,0.347,0.464,0.486,0.107,0.220,0.071,0.269,0.123,0.246,0.056
850,1980,11,0.359,0.168,0.525,0.095,0.221,0.062,0.275,0.123,0.245,0.056
851,1980,12,0.374,0.787,0.518,0.078,0.236,0.056,0.278,0.120,0.245,0.057
852,1981,1,0.869,0.424,0.484,0.075,0.248,0.056,0.282,0.113,0.244,0.056
853,1981,2,0.304,0.385,0.438,0.077,0.265,0.057,0.281,0.108,0.243,0.057
854,1981,3,0.482,0.531,0.464,0.066,0.284,0.056,0.285,0.108,0.245,0.057
855,1981,4,1.001,0.638,0.485,0.069,0.295,0.049,0.293,0.101,0.246,0.057
856,1981,5,0.851,0.373,0.509,0.110,0.309,0.047,0.300,0.092,0.249,0.055
857,1981,6,0.354,0.426,0.530,0.057,0.322,0.045,0.303,0.086,0.253,0.054
858,1981,7,0.047,0.352,0.489,0.075,0.333,0.044,0.303,0.087,0.260,0.055
859,1981,8,0.134,0.507,0.449,0.089,0.341,0.043,0.307,0.085,0.267,0.054
860,1981,9,0.442,0.282,0.427,0.077,0.353,0.053,0.312,0.080,0.270,0.054
861,1981,10,0.607,0.450,0.371,0.103,0.371,0.067,0.308,0.080,0.273,0.055
862,1981,11,0.641,0.767,0.329,0.144,0.389,0.069,0.312,0.076,0.273,0.056
863,1981,12,0.627,0.309,0.304,0.156,0.390,0.073,0.310,0.074,0.273,0.056
864,1982,1,0.378,0.553,0.302,0.163,0.397,0.082,0.308,0.075,0.275,0.056
865,1982,2,-0.174,0.494,0.287,0.151,0.401,0.089,0.305,0.076,0.279,0.055
866,1982,3,0.211,0.218,0.246,0.165,0.400,0.087,0.307,0.071,0.282,0.055
867,1982,4,0.333,0.129,0.160,0.211,0.408,0.087,0.310,0.066,0.285,0.056
868,1982,5,0.348,0.518,0.103,0.271,0.416,0.087,0.315,0.060,0.290,0.056
869,1982,6,0.052,0.639,0.040,0.268,0.426,0.092,0.319,0.057,0.296,0.058
870,1982,7,0.025,0.443,-0.034,0.236,0.443,0.088,0.319,0.055,0.300,0.058
871,1982,8,-0.041,0.324,-0.019,0.270,0.454,0.080,0.320,0.051,0.303,0.057
872,1982,9,-0.060,0.484,-0.056,0.246,0.461,0.075,0.326,0.054,0.305,0.059
873,1982,10,-0.423,0.273,-0.038,0.227,0.465,0.073,0.332,0.056,0.308,0.060
874,1982,11,-0.038,0.266,-0.022,0.163,0.462,0.075,0.336,0.057,0.309,0.061
875,1982,12,-0.127,0.233,0.051,0.118,0.453,0.079,0.341,0.059,0.309,0.062
876,1983,1,-0.519,0.352,0.144,0.101,0.446,0.079,0.347,0.059,0.310,0.062
877,1983,2,0.005,1.016,0.225,0.103,0.435,0.078,0.357,0.060,0.310,0.063
878,1983,3,-0.227,0.525,0.342,0.098,0.435,0.076,0.365,0.062,0.309,0.063
879,1983,4,0.547,0.417,0.456,0.113,0.432,0.075,0.370,0.063,0.310,0.063
880,1983,5,0.541,0.590,0.502,0.135,0.431,0.075,0.375,0.063,0.312,0.064
881,1983,6,0.928,0.725,0.558,0.146,0.432,0.071,0.377,0.061,0.314,0.065
882,1983,7,1.135,0.501,0.649,0.150,0.426,0.070,0.376,0.060,0.316,0.065
883,1983,8,0.931,0.530,0.697,0.207,0.420,0.073,0.382,0.059,0.316,0.066
884,1983,9,1.350,0.310,0.793,0.230,0.423,0.076,0.387,0.057,0.317,0.068
885,1983,10,0.949,0.550,0.843,0.283,0.413,0.076,0.387,0.054,0.319,0.068
886,1983,11,0.511,0.243,0.902,0.254,0.405,0.079,0.394,0.052,0.319,0.069
887,1983,12,0.544,0.179,0.871,0.232,0.402,0.075,0.405,0.050,0.320,0.069
888,1984,1,0.571,0.463,0.827,0.308,0.400,0.073,0.417,0.051,0.322,0.072
889,1984,2,0.579,0.336,0.776,0.384,0.402,0.075,0.422,0.051,0.321,0.072
890,1984,3,0.931,0.838,0.702,0.383,0.401,0.069,0.426,0.051,0.325,0.073
891,1984,4,1.143,0.976,0.674,0.339,0.392,0.067,0.430,0.052,0.327,0.073
892,1984,5,1.247,0.215,0.674,0.340,0.390,0.063,0.435,0.051,0.330,0.076
893,1984,6,0.554,0.434,0.677,0.372,0.377,0.059,0.432,0.051,0.334,0.076
894,1984,7,0.613,0.840,0.704,0.323,0.374,0.056,0.433,0.049,0.336,0.075
895,1984,8,0.319,0.727,0.720,0.283,0.378,0.053,0.433,0.046,0.341,0.076
896,1984,9,0.461,0.182,0.699,0.194,0.382,0.053,0.430,0.044,0.342,0.075
897,1984,10,0.613,0.194,0.666,0.122,0.381,0.051,0.430,0.042,0.342,0.074
898,1984,11,0.514,0.302,0.575,0.121,0.385,0.053,0.431,0.039,0.340,0.077
899,1984,12,0.579,0.457,0.521,0.132,0.397,0.062,0.435,0.038,0.337,0.076
900,1985,1,0.889,0.316,0.475,0.084,0.400,0.066,0.440,0.038,0.334,0.077
901,1985,2,0.773,0.440,0.447,0.083,0.414,0.074,0.441,0.035,0.332,0.082
902,1985,3,0.685,0.350,0.421,0.096,0.432,0.086,0.440,0.033,0.334,0.083
903,1985,4,0.739,0.129,0.384,0.107,0.452,0.095,0.440,0.033,0.335,0.086
904,1985,5,0.165,0.406,0.369,0.128,0.459,0.102,0.443,0.033,0.337,0.084
905,1985,6,-0.094,0.472,0.353,0.177,0.471,0.108,0.445,0.033,0.339,0.086
906,1985,7,0.054,0.267,0.322,0.156,0.486,0.109,0.447,0.033,0.342,0.086
907,1985,8,-0.013,0.219,0.255,0.140,0.493,0.115,0.443,0.035,0.348,0.085
908,1985,9,0.146,0.344,0.251,0.157,0.514,0.113,0.443,0.037,0.351,0.086
909,1985,10,0.177,0.209,0.223,0.155,0.520,0.111,0.446,0.037,0.353,0.087
910,1985,11,0.330,0.315,0.243,0.147,0.529,0.109,0.444,0.037,0.357,0.087
911,1985,12,0.386,0.419,0.262,0.126,0.518,0.102,0.443,0.036,0.360,0.085
912,1986,1,0.522,0.162,0.254,0.097,0.503,0.103,0.437,0.038,0.362,0.082
913,1986,2,-0.036,0.196,0.274,0.117,0.500,0.103,0.434,0.042,0.363,0.080
914,1986,3,0.636,0.450,0.294,0.093,0.489,0.098,0.433,0.044,0.365,0.080
915,1986,4,0.408,0.175,0.284,0.091,0.479,0.088,0.429,0.045,0.369,0.076
916,1986,5,0.403,0.261,0.300,0.104,0.479,0.084,0.429,0.042,0.375,0.072
917,1986,6,0.132,0.180,0.258,0.097,0.488,0.083,0.430,0.041,0.380,0.069
918,1986,7,-0.047,0.353,0.227,0.127,0.501,0.084,0.437,0.040,0.383,0.069
919,1986,8,0.226,0.427,0.239,0.143,0.504,0.081,0.443,0.041,0.386,0.069
920,1986,9,0.397,0.300,0.220,0.134,0.499,0.074,0.443,0.040,0.389,0.068
921,1986,10,0.050,0.335,0.212,0.146,0.489,0.067,0.439,0.038,0.390,0.070
922,1986,11,0.518,0.606,0.227,0.156,0.482,0.064,0.433,0.037,0.390,0.068
923,1986,12,-0.109,0.504,0.282,0.153,0.475,0.061,0.429,0.037,0.392,0.068
924,1987,1,0.147,0.384,0.303,0.171,0.469,0.058,0.428,0.040,0.393,0.069
925,1987,2,0.101,0.239,0.350,0.158,0.465,0.057,0.433,0.041,0.394,0.071
926,1987,3,0.417,0.266,0.402,0.191,0.461,0.060,0.434,0.044,0.395,0.069
927,1987,4,0.313,0.239,0.460,0.241,0.452,0.062,0.432,0.044,0.397,0.065
928,1987,5,0.580,0.424,0.452,0.240,0.446,0.063,0.433,0.044,0.400,0.061
929,1987,6,0.795,0.632,0.508,0.301,0.444,0.068,0.438,0.044,0.401,0.059
930,1987,7,0.197,0.484,0.530,0.314,0.437,0.067,0.442,0.044,0.404,0.056
931,1987,8,0.792,0.457,0.556,0.306,0.429,0.066,0.445,0.045,0.403,0.054
932,1987,9,1.025,0.639,0.608,0.312,0.419,0.065,0.450,0.046,0.405,0.055
933,1987,10,0.743,0.563,0.654,0.334,0.415,0.066,0.458,0.045,0.408,0.056
934,1987,11,0.430,0.471,0.697,0.324,0.424,0.062,0.459,0.046,0.410,0.057
935,1987,12,0.552,0.320,0.656,0.276,0.437,0.062,0.460,0.046,0.412,0.058
936,1988,1,0.411,0.175,0.659,0.251,0.447,0.064,0.465,0.047,0.417,0.059
937,1988,2,0.420,0.155,0.653,0.221,0.452,0.066,0.465,0.047,0.423,0.058
938,1988,3,1.043,0.273,0.626,0.169,0.452,0.067,0.468,0.047,0.424,0.058
939,1988,4,0.857,0.238,0.591,0.118,0.459,0.069,0.469,0.046,0.427,0.055
940,1988,5,1.104,0.305,0.601,0.087,0.457,0.068,0.471,0.045,0.429,0.052
941,1988,6,0.299,0.222,0.643,0.092,0.454,0.070,0.471,0.046,0.432,0.050
942,1988,7,0.237,0.236,0.721,0.099,0.447,0.072,0.468,0.046,0.435,0.051
943,1988,8,0.722,0.193,0.749,0.112,0.448,0.077,0.461,0.044,0.439,0.051
944,1988,9,0.695,0.224,0.715,0.130,0.443,0.078,0.453,0.044,0.441,0.052
945,1988,10,0.329,0.351,0.691,0.149,0.445,0.080,0.448,0.045,0.444,0.051
946,1988,11,0.542,0.240,0.666,0.158,0.452,0.079,0.447,0.045,0.448,0.051
947,1988,12,1.062,0.471,0.654,0.139,0.459,0.080,0.447,0.046,0.453,0.052
948,1989,1,1.345,0.251,0.654,0.151,0.473,0.081,0.447,0.048,0.458,0.053
949,1989,2,0.751,0.460,0.602,0.147,0.484,0.080,0.445,0.049,0.461,0.052
950,1989,3,0.639,0.305,0.560,0.141,0.484,0.079,0.443,0.054,0.467,0.051
951,1989,4,0.565,0.313,0.541,0.130,0.487,0.082,0.441,0.059,0.472,0.050
952,1989,5,0.801,0.373,0.506,0.130,0.477,0.079,0.437,0.059,0.474,0.050
953,1989,6,0.155,0.282,0.457,0.119,0.480,0.079,0.440,0.059,0.473,0.050
954,1989,7,0.239,0.353,0.384,0.138,0.482,0.078,0.437,0.066,0.473,0.052
955,1989,8,0.107,0.322,0.346,0.161,0.487,0.079,0.443,0.072,0.476,0.052
956,1989,9,0.181,0.172,0.302,0.176,0.486,0.079,0.443,0.074,0.475,0.053
957,1989,10,0.102,0.264,0.296,0.184,0.483,0.079,0.440,0.076,0.477,0.054
958,1989,11,0.127,0.202,0.289,0.186,0.480,0.078,0.437,0.080,0.479,0.056
959,1989,12,0.469,0.153,0.332,0.186,0.478,0.076,0.432,0.084,0.483,0.057
960,1990,1,0.468,0.202,0.366,0.175,0.484,0.079,0.426,0.084,0.485,0.058
961,1990,2,0.300,0.389,0.379,0.168,0.476,0.081,0.418,0.084,0.488,0.060
962,1990,3,0.105,0.466,0.376,0.155,0.467,0.082,0.414,0.084,0.492,0.062
963,1990,4,0.497,0.275,0.420,0.140,0.463,0.084,0.412,0.085,0.494,0.063
964,1990,5,0.721,0.300,0.428,0.125,0.459,0.088,0.415,0.085,0.496,0.063
965,1990,6,0.672,0.205,0.402,0.125,0.449,0.091,0.421,0.086,0.496,0.062
966,1990,7,0.648,0.278,0.375,0.127,0.444,0.095,0.425,0.085,0.495,0.062
967,1990,8,0.264,0.278,0.350,0.124,0.436,0.098,0.431,0.085,0.494,0.061
968,1990,9,0.147,0.311,0.372,0.126,0.422,0.101,0.435,0.083,0.493,0.062
969,1990,10,0.626,0.125,0.373,0.136,0.417,0.103,0.436,0.084,0.494,0.064
970,1990,11,0.221,0.198,0.379,0.133,0.413,0.105,0.439,0.085,0.496,0.064
971,1990,12,0.161,0.158,0.371,0.138,0.423,0.105,0.442,0.083,0.497,0.067
972,1991,1,0.142,0.376,0.382,0.145,0.433,0.106,0.442,0.084,0.498,0.069
973,1991,2,-0.005,0.358,0.434,0.152,0.423,0.104,0.444,0.086,0.500,0.069
974,1991,3,0.375,0.257,0.458,0.153,0.417,0.105,0.444,0.085,0.501,0.069
975,1991,4,0.511,0.248,0.423,0.170,0.418,0.105,0.446,0.086,0.502,0.072
976,1991,5,0.788,0.525,0.398,0.186,0.416,0.105,0.451,0.086,0.504,0.072
977,1991,6,0.575,0.577,0.391,0.194,0.406,0.108,0.458,0.087,0.506,0.071
978,1991,7,0.782,0.409,0.400,0.203,0.393,0.112,0.463,0.086,0.507,0.071
979,1991,8,0.880,0.403,0.435,0.230,0.387,0.114,0.465,0.085,0.508,0.070
980,1991,9,0.438,0.327,0.435,0.228,0.388,0.115,0.466,0.086,0.508,0.070
981,1991,10,0.212,0.351,0.404,0.222,0.393,0.114,0.471,0.087,0.509,0.072
982,1991,11,-0.080,0.281,0.370,0.190,0.392,0.113,0.469,0.086,0.507,0.075
983,1991,12,0.069,0.289,0.376,0.147,0.404,0.112,0.475,0.087,0.506,0.076
984,1992,1,0.258,0.130,0.359,0.142,0.406,0.112,0.478,0.084,0.506,0.076
985,1992,2,0.412,0.529,0.310,0.133,0.421,0.110,0.482,0.085,0.509,0.076
986,1992,3,0.370,0.372,0.317,0.098,0.425,0.110,0.482,0.085,0.512,0.077
987,1992,4,0.139,0.315,0.341,0.089,0.427,0.112,0.484,0.085,0.513,0.078
988,1992,5,0.390,0.189,0.363,0.088,0.429,0.116,0.485,0.084,0.515,0.077
989,1992,6,0.640,0.356,0.350,0.086,0.421,0.119,0.483,0.085,0.518,0.075
990,1992,7,0.580,0.341,0.340,0.109,0.415,0.121,0.489,0.084,0.519,0.074
991,1992,8,0.292,0.452,0.301,0.128,0.407,0.120,0.485,0.087,0.521,0.074
992,1992,9,0.515,0.335,0.286,0.124,0.410,0.122,0.484,0.091,0.523,0.073
993,1992,10,0.505,0.314,0.324,0.113,0.409,0.121,0.485,0.096,0.527,0.073
994,1992,11,0.183,0.276,0.359,0.113,0.406,0.122,0.483,0.102,0.530,0.074
995,1992,12,-0.088,0.330,0.382,0.110,0.405,0.126,0.484,0.104,0.531,0.073
996,1993,1,0.142,0.431,0.402,0.127,0.402,0.124,0.487,0.106,0.535,0.073
997,1993,2,-0.061,0.302,0.387,0.145,0.410,0.123,0.489,0.108,0.536,0.071
998,1993,3,0.190,0.157,0.376,0.157,0.418,0.120,0.484,0.107,0.538,0.073
999,1993,4,0.596,0.194,0.363,0.171,0.413,0.121,0.483,0.107,0.539,0.074
1000,1993,5,0.817,0.374,0.382,0.165,0.420,0.126,0.483,0.105,0.539,0.076
1001,1993,6,0.908,0.259,0.432,0.168,0.430,0.127,0.487,0.105,0.535,0.078
1002,1993,7,0.828,0.482,0.466,0.176,0.436,0.129,0.494,0.105,0.533,0.077
1003,1993,8,0.113,0.154,0.502,0.156,0.441,0.132,0.497,0.104,0.532,0.077
1004,1993,9,0.375,0.526,0.546,0.181,0.445,0.131,0.495,0.104,0.528,0.077
1005,1993,10,0.358,0.351,0.568,0.190,0.446,0.131,0.500,0.105,0.527,0.080
1006,1993,11,0.410,0.186,0.561,0.196,0.450,0.131,0.502,0.107,0.527,0.081
1007,1993,12,0.506,0.204,0.561,0.196,0.457,0.131,0.501,0.112,0.527,0.081
1008,1994,1,0.555,0.277,0.519,0.187,0.452,0.130,0.498,0.117,0.527,0.082
1009,1994,2,0.365,0.232,0.594,0.214,0.447,0.130,0.501,0.120,0.527,0.083
1010,1994,3,0.720,0.383,0.596,0.192,0.447,0.133,0.509,0.122,0.529,0.086
1011,1994,4,0.858,0.223,0.589,0.197,0.456,0.134,0.513,0.121,0.529,0.090
1012,1994,5,0.732,0.289,0.572,0.220,0.461,0.138,0.514,0.121,0.528,0.090
1013,1994,6,0.910,0.286,0.529,0.224,0.470,0.142,0.514,0.120,0.526,0.091
1014,1994,7,0.324,0.322,0.494,0.232,0.474,0.142,0.513,0.120,0.525,0.095
1015,1994,8,1.011,0.509,0.448,0.265,0.477,0.152,0.520,0.117,0.524,0.097
1016,1994,9,0.405,0.226,0.410,0.276,0.478,0.148,0.520,0.115,0.525,0.097
1017,1994,10,0.278,0.377,0.375,0.278,0.484,0.150,0.524,0.115,0.526,0.098
1018,1994,11,0.198,0.438,0.362,0.276,0.489,0.150,0.528,0.117,0.527,0.099
1019,1994,12,-0.009,0.166,0.338,0.265,0.488,0.151,0.531,0.119,0.528,0.100
1020,1995,1,0.142,0.279,0.349,0.249,0.494,0.150,0.531,0.120,0.527,0.099
1021,1995,2,-0.197,0.429,0.325,0.232,0.495,0.156,0.535,0.119,0.525,0.097
1022,1995,3,0.267,0.471,0.343,0.219,0.501,0.157,0.544,0.120,0.527,0.097
1023,1995,4,0.443,0.252,0.348,0.188,0.506,0.163,0.548,0.119,0.527,0.096
1024,1995,5,0.574,0.265,0.386,0.166,0.506,0.166,0.548,0.120,0.530,0.096
1025,1995,6,0.614,0.401,0.447,0.165,0.519,0.169,0.547,0.121,0.534,0.096
1026,1995,7,0.463,0.240,0.479,0.164,0.529,0.174,0.544,0.121,0.537,0.095
1027,1995,8,0.720,0.238,0.520,0.142,0.542,0.171,0.544,0.121,0.539,0.096
1028,1995,9,0.621,0.144,0.549,0.109,0.545,0.169,0.543,0.121,0.540,0.095
1029,1995,10,0.345,0.179,0.559,0.097,0.549,0.166,0.542,0.123,0.541,0.096
1030,1995,11,0.654,0.370,0.596,0.092,0.553,0.160,0.547,0.125,0.543,0.095
1031,1995,12,0.716,0.172,0.628,0.088,0.551,0.158,0.552,0.126,0.546,0.093
1032,1996,1,0.527,0.120,0.633,0.086,0.555,0.153,0.558,0.127,0.548,0.092
1033,1996,2,0.293,0.259,0.620,0.100,0.571,0.152,0.565,0.129,0.552,0.092
1034,1996,3,0.620,0.156,0.602,0.124,0.573,0.146,0.569,0.130,0.554,0.091
1035,1996,4,0.557,0.220,0.637,0.145,0.583,0.146,0.576,0.133,0.557,0.091
1036,1996,5,1.018,0.139,0.601,0.149,0.589,0.149,0.579,0.134,0.559,0.091
1037,1996,6,1.006,0.168,0.591,0.161,0.596,0.156,0.581,0.135,0.563,0.090
1038,1996,7,0.518,0.223,0.593,0.162,0.604,0.163,0.577,0.137,0.564,0.091
1039,1996,8,0.568,0.377,0.617,0.176,0.615,0.165,0.574,0.136,0.564,0.090
1040,1996,9,0.407,0.444,0.599,0.179,0.629,0.165,0.574,0.136,0.566,0.091
1041,1996,10,0.757,0.369,0.594,0.200,0.633,0.163,0.579,0.136,0.566,0.093
1042,1996,11,0.231,0.295,0.569,0.213,0.636,0.163,0.581,0.137,0.566,0.092
1043,1996,12,0.590,0.254,0.531,0.219,0.624,0.160,0.584,0.139,0.570,0.091
1044,1997,1,0.547,0.223,0.565,0.217,0.620,0.158,0.585,0.139,0.573,0.090
1045,1997,2,0.584,0.324,0.550,0.209,0.618,0.152,0.586,0.144,0.575,0.089
1046,1997,3,0.405,0.179,0.588,0.189,0.615,0.148,0.591,0.144,0.575,0.090
1047,1997,4,0.493,0.291,0.591,0.195,0.621,0.147,0.594,0.146,0.578,0.090
1048,1997,5,0.719,0.150,0.590,0.201,0.627,0.144,0.597,0.147,0.579,0.090
1049,1997,6,0.558,0.239,0.594,0.201,0.641,0.147,0.599,0.147,0.581,0.090
1050,1997,7,0.924,0.297,0.613,0.220,0.647,0.146,0.596,0.146,0.585,0.090
1051,1997,8,0.380,0.322,0.625,0.206,0.663,0.143,0.596,0.148,0.583,0.090
1052,1997,9,0.873,0.246,0.622,0.199,0.678,0.141,0.595,0.148,0.580,0.091
1053,1997,10,0.793,0.421,0.649,0.174,0.688,0.139,0.597,0.149,0.579,0.092
1054,1997,11,0.220,0.396,0.678,0.150,0.690,0.139,0.601,0.149,0.580,0.094
1055,1997,12,0.636,0.257,0.696,0.141,0.689,0.137,0.603,0.149,0.581,0.094
1056,1998,1,0.767,0.323,0.708,0.135,0.685,0.137,0.605,0.150,0.585,0.095
1057,1998,2,0.733,0.152,0.765,0.109,0.678,0.136,0.607,0.149,0.587,0.095
1058,1998,3,0.370,0.258,0.737,0.090,0.669,0.136,0.608,0.151,0.587,0.096
1059,1998,4,0.811,0.179,0.747,0.075,0.670,0.139,0.609,0.152,0.589,0.096
1060,1998,5,1.065,0.309,0.794,0.082,0.673,0.137,0.607,0.151,0.588,0.095
1061,1998,6,0.776,0.139,0.820,0.108,0.674,0.138,0.600,0.150,0.589,0.095
1062,1998,7,1.073,0.127,0.839,0.132,0.681,0.139,0.597,0.149,0.589,0.094
1063,1998,8,1.062,0.135,0.866,0.134,0.689,0.142,0.603,0.150,0.588,0.094
1064,1998,9,0.538,0.197,0.965,0.163,0.693,0.145,0.603,0.148,0.586,0.095
1065,1998,10,0.910,0.319,0.991,0.177,0.705,0.150,0.606,0.148,0.588,0.096
1066,1998,11,0.792,0.397,0.975,0.199,0.709,0.153,0.606,0.149,0.590,0.096
1067,1998,12,0.941,0.522,0.928,0.194,0.706,0.151,0.607,0.148,0.590,0.097
1068,1999,1,1.001,0.523,0.847,0.202,0.701,0.152,0.606,0.148,0.589,0.098
1069,1999,2,1.052,0.251,0.832,0.195,0.701,0.149,0.609,0.149,0.591,0.099
1070,1999,3,1.559,0.357,0.804,0.187,0.701,0.144,0.614,0.147,0.591,0.100
1071,1999,4,1.122,0.231,0.783,0.185,0.702,0.142,0.617,0.147,0.593,0.100
1072,1999,5,0.871,0.139,0.765,0.171,0.702,0.141,0.619,0.147,0.594,0.099
1073,1999,6,0.215,0.132,0.753,0.154,0.698,0.140,0.613,0.147,0.597,0.098
1074,1999,7,0.096,0.285,0.709,0.129,0.696,0.141,0.612,0.146,0.598,0.097
1075,1999,8,0.884,0.176,0.689,0.127,0.694,0.140,0.605,0.143,0.600,0.096
1076,1999,9,0.205,0.129,0.653,0.131,0.704,0.143,0.607,0.141,0.602,0.096
1077,1999,10,0.661,0.313,0.646,0.139,0.705,0.144,0.612,0.139,0.603,0.096
1078,1999,11,0.570,0.255,0.631,0.139,0.705,0.145,0.618,0.136,0.605,0.096
1079,1999,12,0.804,0.306,0.661,0.142,0.711,0.144,0.623,0.135,0.604,0.095
1080,2000,1,0.472,0.245,0.673,0.138,0.698,0.143,0.627,0.134,0.604,0.095
1081,2000,2,0.802,0.239,0.625,0.158,0.697,0.141,0.632,0.131,0.605,0.093
1082,2000,3,1.134,0.286,0.611,0.165,0.690,0.142,0.639,0.128,0.608,0.092
1083,2000,4,1.040,0.252,0.594,0.165,0.688,0.137,0.643,0.127,0.609,0.091
1084,2000,5,0.691,0.292,0.616,0.157,0.695,0.134,0.646,0.126,0.610,0.091
1085,2000,6,0.575,0.315,0.612,0.151,0.688,0.131,0.647,0.125,0.611,0.091
1086,2000,7,0.236,0.303,0.650,0.145,0.681,0.128,0.650,0.125,0.610,0.091
1087,2000,8,0.307,0.284,0.649,0.144,0.671,0.129,0.648,0.125,0.610,0.090
1088,2000,9,0.042,0.408,0.626,0.138,0.671,0.134,0.645,0.126,0.610,0.090
1089,2000,10,0.458,0.280,0.647,0.149,0.670,0.139,0.646,0.128,0.609,0.091
1090,2000,11,0.833,0.318,0.693,0.153,0.660,0.144,0.648,0.126,0.612,0.091
1091,2000,12,0.751,0.284,0.713,0.167,0.649,0.144,0.651,0.124,0.614,0.091
1092,2001,1,0.928,0.230,0.713,0.167,0.640,0.148,0.654,0.123,0.617,0.091
1093,2001,2,0.797,0.299,0.734,0.166,0.635,0.150,0.661,0.122,0.620,0.091
1094,2001,3,0.852,0.279,0.764,0.164,0.632,0.153,0.664,0.122,0.623,0.091
1095,2001,4,1.300,0.267,0.793,0.159,0.629,0.152,0.668,0.122,0.624,0.091
1096,2001,5,1.238,0.164,0.742,0.166,0.624,0.150,0.668,0.121,0.626,0.092
1097,2001,6,0.811,0.284,0.713,0.172,0.618,0.143,0.668,0.120,0.627,0.094
1098,2001,7,0.234,0.328,0.668,0.179,0.609,0.136,0.665,0.121,0.625,0.095
1099,2001,8,0.560,0.275,0.640,0.182,0.604,0.135,0.663,0.121,0.622,0.094
1100,2001,9,0.412,0.355,0.651,0.186,0.598,0.133,0.666,0.120,0.620,0.095
1101,2001,10,0.799,0.241,0.589,0.188,0.600,0.136,0.660,0.120,0.619,0.095
1102,2001,11,0.224,0.260,0.547,0.188,0.603,0.136,0.663,0.119,0.621,0.095
1103,2001,12,0.398,0.222,0.556,0.183,0.601,0.139,0.665,0.117,0.623,0.094
1104,2002,1,0.390,0.268,0.550,0.172,0.605,0.139,0.667,0.116,0.623,0.094
1105,2002,2,0.464,0.287,0.531,0.170,0.591,0.142,0.668,0.114,0.625,0.095
1106,2002,3,0.988,0.335,0.531,0.173,0.599,0.141,0.668,0.115,0.626,0.094
1107,2002,4,0.555,0.253,0.524,0.167,0.603,0.139,0.672,0.115,0.629,0.096
1108,2002,5,0.728,0.270,0.558,0.176,0.608,0.137,0.673,0.114,0.630,0.096
1109,2002,6,0.914,0.168,0.540,0.168,0.606,0.132,0.679,0.112,0.631,0.096
1110,2002,7,0.164,0.195,0.541,0.171,0.608,0.128,0.680,0.111,0.630,0.096
1111,2002,8,0.336,0.305,0.514,0.166,0.602,0.124,0.680,0.109,0.629,0.096
1112,2002,9,0.410,0.344,0.461,0.152,0.600,0.121,0.677,0.108,0.630,0.097
1113,2002,10,0.715,0.137,0.474,0.147,0.598,0.118,0.674,0.105,0.630,0.097
1114,2002,11,0.637,0.319,0.456,0.135,0.602,0.117,0.676,0.103,0.633,0.097
1115,2002,12,0.179,0.167,0.389,0.131,0.605,0.118,0.679,0.102,0.637,0.097
1116,2003,1,0.399,0.147,0.418,0.144,0.615,0.117,0.683,0.101,0.638,0.096
1117,2003,2,0.139,0.219,0.454,0.142,0.618,0.118,0.685,0.100,0.640,0.095
1118,2003,3,0.361,0.240,0.449,0.147,0.621,0.120,0.690,0.102,0.644,0.096
1119,2003,4,0.707,0.221,0.452,0.153,0.621,0.122,0.694,0.102,0.647,0.096
1120,2003,5,0.514,0.177,0.437,0.152,0.623,0.120,0.693,0.104,0.649,0.096
1121,2003,6,0.103,0.161,0.470,0.153,0.628,0.113,0.691,0.102,0.650,0.096
1122,2003,7,0.517,0.352,0.478,0.149,0.628,0.112,0.684,0.101,0.652,0.095
1123,2003,8,0.767,0.226,0.528,0.147,0.632,0.107,0.679,0.101,0.655,0.096
1124,2003,9,0.352,0.311,0.600,0.141,0.636,0.103,0.677,0.100,0.655,0.095
1125,2003,10,0.743,0.235,0.642,0.151,0.631,0.097,0.676,0.099,0.653,0.094
1126,2003,11,0.458,0.301,0.688,0.153,0.626,0.095,0.678,0.096,0.654,0.094
1127,2003,12,0.580,0.108,0.688,0.166,0.630,0.096,0.678,0.092,0.654,0.093
1128,2004,1,0.495,0.153,0.670,0.158,0.629,0.100,0.679,0.088,0.654,0.092
1129,2004,2,0.737,0.221,0.611,0.154,0.625,0.102,0.680,0.087,0.655,0.092
1130,2004,3,1.224,0.135,0.640,0.139,0.632,0.108,0.674,0.085,0.654,0.091
1131,2004,4,1.212,0.297,0.655,0.133,0.618,0.111,0.672,0.085,0.655,0.091
1132,2004,5,1.069,0.188,0.686,0.120,0.624,0.112,0.674,0.083,0.656,0.091
1133,2004,6,0.108,0.296,0.694,0.115,0.632,0.110,0.679,0.083,0.656,0.091
1134,2004,7,0.293,0.258,0.702,0.109,0.639,0.111,0.684,0.082,0.655,0.090
1135,2004,8,0.060,0.177,0.677,0.103,0.641,0.110,0.681,0.083,0.653,0.090
1136,2004,9,0.698,0.444,0.662,0.107,0.632,0.109,0.684,0.084,0.654,0.090
1137,2004,10,0.925,0.185,0.637,0.091,0.640,0.107,0.682,0.082,0.654,0.089
1138,2004,11,0.836,0.158,0.623,0.085,0.642,0.105,0.683,0.080,0.657,0.088
1139,2004,12,0.673,0.222,0.679,0.086,0.648,0.104,0.678,0.077,0.661,0.087
1140,2005,1,0.584,0.298,0.723,0.088,0.663,0.104,0.677,0.075,0.663,0.086
1141,2005,2,0.443,0.280,0.758,0.095,0.662,0.099,0.676,0.072,0.664,0.085
1142,2005,3,1.048,0.213,0.723,0.122,0.664,0.098,0.673,0.069,0.665,0.084
1143,2005,4,0.909,0.202,0.681,0.145,0.659,0.096,0.669,0.069,0.665,0.084
1144,2005,5,0.900,0.256,0.689,0.157,0.658,0.093,0.671,0.068,0.664,0.085
1145,2005,6,0.775,0.186,0.723,0.160,0.671,0.094,0.674,0.069,0.662,0.085
1146,2005,7,0.830,0.208,0.750,0.161,0.685,0.096,0.676,0.069,0.661,0.086
1147,2005,8,0.479,0.225,0.801,0.150,0.698,0.093,0.676,0.068,0.660,0.085
1148,2005,9,0.270,0.221,0.803,0.149,0.709,0.093,0.676,0.068,0.660,0.086
1149,2005,10,0.423,0.313,0.815,0.154,0.719,0.091,0.677,0.066,0.662,0.086
1150,2005,11,0.938,0.245,0.818,0.154,0.725,0.089,0.676,0.065,0.663,0.084
1151,2005,12,1.072,0.461,0.840,0.154,0.733,0.085,0.676,0.064,0.663,0.084
1152,2006,1,0.909,0.350,0.786,0.156,0.729,0.081,0.676,0.064,0.663,0.083
1153,2006,2,1.055,0.242,0.770,0.161,0.723,0.080,0.676,0.062,0.664,0.083
1154,2006,3,1.072,0.204,0.817,0.173,0.721,0.075,0.677,0.061,0.664,0.083
1155,2006,4,1.052,0.311,0.780,0.176,0.722,0.073,0.673,0.061,0.666,0.084
1156,2006,5,0.940,0.236,0.748,0.162,0.732,0.068,0.672,0.062,0.666,0.084
1157,2006,6,1.037,0.155,0.735,0.158,0.739,0.067,0.672,0.065,0.668,0.084
1158,2006,7,0.184,0.362,0.723,0.145,0.749,0.067,0.673,0.066,0.670,0.084
1159,2006,8,0.284,0.332,0.687,0.153,0.757,0.065,0.670,0.067,0.672,0.083
1160,2006,9,0.840,0.335,0.631,0.160,0.749,0.065,0.666,0.069,0.675,0.082
1161,2006,10,-0.021,0.426,0.633,0.153,0.745,0.059,0.659,0.069,0.678,0.081
1162,2006,11,0.556,0.226,0.626,0.165,0.745,0.056,0.660,0.069,0.681,0.081
1163,2006,12,0.909,0.247,0.645,0.172,0.758,0.056,0.661,0.068,0.682,0.080
1164,2007,1,0.767,0.232,0.715,0.147,0.763,0.054,0.661,0.069,0.682,0.080
1165,2007,2,0.625,0.149,0.719,0.135,0.771,0.054,0.664,0.069,0.683,0.080
1166,2007,3,0.404,0.259,0.689,0.126,0.768,0.060,0.661,0.071,0.685,0.079
1167,2007,4,1.075,0.140,0.728,0.107,0.760,0.059,0.663,0.075,0.686,0.079
1168,2007,5,0.853,0.247,0.727,0.103,0.757,0.060,0.664,0.077,0.688,0.079
1169,2007,6,1.268,0.265,0.733,0.108,0.750,0.059,0.662,0.079,0.689,0.079
1170,2007,7,1.025,0.157,0.770,0.104,0.746,0.057,0.665,0.082,0.689,0.080
1171,2007,8,0.332,0.182,0.798,0.108,0.750,0.056,0.662,0.083,0.692,0.079
1172,2007,9,0.473,0.148,0.847,0.095,0.746,0.055,0.665,0.082,0.693,0.079
1173,2007,10,0.452,0.219,0.869,0.097,0.740,0.055,0.663,0.084,0.692,0.077
1174,2007,11,0.547,0.233,0.872,0.092,0.741,0.055,0.665,0.087,0.696,0.076
1175,2007,12,0.975,0.180,0.811,0.098,0.743,0.057,0.672,0.089,0.698,0.075
1176,2008,1,1.215,0.165,0.749,0.101,0.738,0.059,0.670,0.088,0.701,0.074
1177,2008,2,0.961,0.208,0.756,0.113,0.734,0.058,0.673,0.089,0.703,0.074
1178,2008,3,0.991,0.228,0.737,0.129,0.731,0.059,0.680,0.086,0.707,0.074
1179,2008,4,1.332,0.237,0.765,0.130,0.733,0.059,0.685,0.084,0.708,0.075
1180,2008,5,0.886,0.224,0.808,0.120,0.730,0.063,0.692,0.084,0.708,0.077
1181,2008,6,0.542,0.319,0.811,0.120,0.725,0.068,0.700,0.083,0.708,0.077
1182,2008,7,0.286,0.302,0.799,0.131,0.725,0.073,0.706,0.082,0.706,0.078
1183,2008,8,0.406,0.394,0.821,0.116,0.720,0.078,0.706,0.082,0.704,0.079
1184,2008,9,0.256,0.296,0.800,0.130,0.719,0.084,0.707,0.082,0.705,0.079
1185,2008,10,0.783,0.300,0.771,0.137,0.715,0.091,0.701,0.080,0.706,0.078
1186,2008,11,1.061,0.384,0.786,0.138,0.717,0.097,0.702,0.082,0.707,0.078
1187,2008,12,1.013,0.216,0.813,0.116,0.713,0.107,0.702,0.084,0.708,0.076
1188,2009,1,1.075,0.249,0.841,0.116,0.716,0.109,0.702,0.083,0.707,0.075
1189,2009,2,1.223,0.231,0.853,0.125,0.715,0.113,0.700,0.083,0.705,0.073
1190,2009,3,0.733,0.175,0.876,0.131,0.700,0.116,0.695,0.083,0.702,0.073
1191,2009,4,0.994,0.327,0.844,0.130,0.700,0.116,0.693,0.084,0.702,0.073
1192,2009,5,1.063,0.233,0.812,0.119,0.697,0.120,0.692,0.084,0.702,0.074
1193,2009,6,0.868,0.272,0.750,0.110,0.690,0.126,0.699,0.087,0.707,0.074
1194,2009,7,0.623,0.197,0.690,0.104,0.684,0.131,0.698,0.088,0.711,0.075
1195,2009,8,0.539,0.283,0.641,0.115,0.686,0.136,0.702,0.090,0.710,0.076
1196,2009,9,0.533,0.227,0.651,0.126,0.691,0.144,0.701,0.091,0.711,0.076
1197,2009,10,0.404,0.320,0.611,0.141,0.685,0.152,0.696,0.092,0.712,0.077
1198,2009,11,0.680,0.314,0.605,0.142,0.686,0.157,0.695,0.093,0.712,0.077
1199,2009,12,0.266,0.299,0.605,0.156,0.676,0.161,0.698,0.091,0.711,0.076
1200,2010,1,0.349,0.261,0.596,0.175,0.667,0.164,0.698,0.089,0.711,0.076
1201,2010,2,0.644,0.277,0.571,0.177,0.662,0.165,0.696,0.087,0.709,0.076
1202,2010,3,0.849,0.430,0.538,0.178,0.667,0.166,0.692,0.087,0.709,0.076
1203,2010,4,0.512,0.296,0.545,0.178,0.666,0.171,0.687,0.088,0.709,0.077
1204,2010,5,0.989,0.443,0.554,0.181,0.673,0.177,0.682,0.089,0.710,0.078
1205,2010,6,0.877,0.300,0.596,0.182,0.673,0.181,0.678,0.090,0.712,0.078
1206,2010,7,0.507,0.245,0.642,0.187,0.656,0.181,0.672,0.092,NaN,NaN
1207,2010,8,0.247,0.183,0.650,0.192,0.649,0.182,0.672,0.093,NaN,NaN
1208,2010,9,0.128,0.446,0.663,0.203,0.652,0.178,0.676,0.093,NaN,NaN
1209,2010,10,0.494,0.308,0.689,0.211,0.651,0.171,0.679,0.092,NaN,NaN
1210,2010,11,0.783,0.407,0.697,0.222,0.658,0.164,0.679,0.091,NaN,NaN
1211,2010,12,0.777,0.262,0.692,0.249,0.668,0.158,0.675,0.092,NaN,NaN
1212,2011,1,0.897,0.284,0.679,0.251,0.684,0.150,0.673,0.091,NaN,NaN
1213,2011,2,0.745,0.314,0.674,0.281,0.690,0.145,0.667,0.090,NaN,NaN
1214,2011,3,1.003,0.343,0.662,0.291,0.692,0.141,0.663,0.092,NaN,NaN
1215,2011,4,0.820,0.382,0.618,0.297,0.680,0.136,0.663,0.093,NaN,NaN
1216,2011,5,1.084,0.456,0.584,0.307,0.672,0.142,0.664,0.094,NaN,NaN
1217,2011,6,0.817,0.614,0.561,0.309,0.665,0.146,0.668,0.094,NaN,NaN
1218,2011,7,0.350,0.411,0.519,0.314,0.656,0.144,0.675,0.093,NaN,NaN
1219,2011,8,0.188,0.441,0.520,0.322,0.643,0.144,0.681,0.094,NaN,NaN
1220,2011,9,-0.013,0.472,0.495,0.338,0.642,0.142,0.684,0.093,NaN,NaN
1221,2011,10,-0.034,0.275,0.487,0.352,0.641,0.141,0.695,0.090,NaN,NaN
1222,2011,11,0.379,0.512,0.469,0.349,0.638,0.141,0.700,0.088,NaN,NaN
1223,2011,12,0.500,0.378,0.456,0.331,0.641,0.143,0.699,0.089,NaN,NaN
1224,2012,1,0.385,0.349,0.467,0.325,0.633,0.147,0.697,0.091,NaN,NaN
1225,2012,2,0.765,0.358,0.457,0.308,0.633,0.149,0.698,0.090,NaN,NaN
1226,2012,3,0.702,0.514,0.523,0.296,0.633,0.147,0.702,0.089,NaN,NaN
1227,2012,4,0.724,0.590,0.558,0.305,0.632,0.149,0.700,0.089,NaN,NaN
1228,2012,5,0.863,0.410,0.606,0.303,0.634,0.145,0.702,0.090,NaN,NaN
1229,2012,6,0.662,0.386,0.644,0.303,0.646,0.141,0.699,0.091,NaN,NaN
1230,2012,7,0.487,0.337,0.631,0.276,0.649,0.137,0.698,0.094,NaN,NaN
1231,2012,8,0.066,0.303,0.610,0.261,0.643,0.134,0.704,0.094,NaN,NaN
1232,2012,9,0.780,0.239,0.651,0.195,0.637,0.134,0.709,0.095,NaN,NaN
1233,2012,10,0.382,0.370,0.696,0.128,0.635,0.134,0.711,0.095,NaN,NaN
1234,2012,11,0.952,0.366,0.735,0.098,0.623,0.132,0.717,0.096,NaN,NaN
1235,2012,12,0.967,0.330,0.773,0.097,0.612,0.132,0.718,0.096,NaN,NaN
1236,2013,1,0.220,0.315,0.836,0.127,0.607,0.133,0.719,0.095,NaN,NaN
1237,2013,2,0.515,0.490,0.895,0.150,0.609,0.135,0.721,0.095,NaN,NaN
1238,2013,3,1.193,0.504,0.862,0.167,0.620,0.136,0.724,0.097,NaN,NaN
1239,2013,4,1.264,0.445,0.834,0.212,0.625,0.134,0.721,0.097,NaN,NaN
1240,2013,5,1.339,0.462,0.804,0.234,0.628,0.127,0.724,0.097,NaN,NaN
1241,2013,6,1.112,0.495,0.771,0.241,0.624,0.122,0.724,0.098,NaN,NaN
1242,2013,7,1.238,0.599,0.797,0.239,0.621,0.115,0.727,0.097,NaN,NaN
1243,2013,8,0.778,0.325,0.794,0.252,0.615,0.112,0.729,0.097,NaN,NaN
1244,2013,9,0.387,0.364,0.748,0.246,0.608,0.110,0.733,0.097,NaN,NaN
1245,2013,10,0.040,0.449,0.721,0.224,0.611,0.108,0.736,0.097,NaN,NaN
1246,2013,11,0.591,0.362,0.686,0.196,0.611,0.104,0.736,0.098,NaN,NaN
1247,2013,12,0.577,0.354,0.678,0.164,0.622,0.096,0.738,0.098,NaN,NaN
1248,2014,1,0.527,0.180,0.587,0.138,0.634,0.094,0.734,0.096,NaN,NaN
1249,2014,2,0.479,0.253,0.565,0.122,0.647,0.092,0.730,0.098,NaN,NaN
1250,2014,3,0.646,0.317,0.580,0.106,0.667,0.089,0.731,0.098,NaN,NaN
1251,2014,4,0.933,0.204,0.607,0.115,0.691,0.086,0.731,0.101,NaN,NaN
1252,2014,5,0.925,0.117,0.621,0.104,0.702,0.087,0.730,0.102,NaN,NaN
1253,2014,6,1.009,0.258,0.654,0.098,0.707,0.089,0.734,0.104,NaN,NaN
1254,2014,7,0.155,0.317,0.659,0.101,0.710,0.094,0.738,0.107,NaN,NaN
1255,2014,8,0.512,0.340,0.639,0.090,0.709,0.095,0.739,0.109,NaN,NaN
1256,2014,9,0.567,0.284,0.629,0.074,0.712,0.095,0.739,0.111,NaN,NaN
1257,2014,10,0.363,0.321,0.581,0.071,0.714,0.092,0.742,0.113,NaN,NaN
1258,2014,11,0.764,0.276,0.526,0.077,0.719,0.094,0.741,0.113,NaN,NaN
1259,2014,12,0.969,0.397,0.463,0.074,0.723,0.095,0.743,0.112,NaN,NaN
1260,2015,1,0.588,0.232,0.467,0.081,0.730,0.092,0.744,0.112,NaN,NaN
1261,2015,2,0.240,0.272,0.456,0.084,0.747,0.090,0.743,0.112,NaN,NaN
1262,2015,3,0.528,0.244,0.471,0.103,0.750,0.089,0.744,0.112,NaN,NaN
1263,2015,4,0.348,0.323,0.511,0.094,0.756,0.091,0.748,0.113,NaN,NaN
1264,2015,5,0.272,0.277,0.525,0.098,0.760,0.094,0.749,0.113,NaN,NaN
1265,2015,6,0.249,0.266,0.490,0.111,0.763,0.093,0.751,0.112,NaN,NaN
1266,2015,7,0.200,0.429,0.498,0.143,0.781,0.091,NaN,NaN,NaN,NaN
1267,2015,8,0.382,0.301,0.510,0.172,0.794,0.093,NaN,NaN,NaN,NaN
1268,2015,9,0.748,0.264,0.517,0.188,0.797,0.091,NaN,NaN,NaN,NaN
1269,2015,10,0.841,0.181,0.568,0.200,0.792,0.087,NaN,NaN,NaN,NaN
1270,2015,11,0.931,0.495,0.638,0.197,0.789,0.083,NaN,NaN,NaN,NaN
1271,2015,12,0.560,0.387,0.739,0.208,0.780,0.082,NaN,NaN,NaN,NaN
1272,2016,1,0.684,0.589,0.816,0.221,0.771,0.081,NaN,NaN,NaN,NaN
1273,2016,2,0.381,0.627,0.861,0.227,0.768,0.082,NaN,NaN,NaN,NaN
1274,2016,3,0.614,0.431,0.900,0.245,0.774,0.083,NaN,NaN,NaN,NaN
1275,2016,4,0.960,0.383,0.944,0.246,0.793,0.079,NaN,NaN,NaN,NaN
1276,2016,5,1.102,0.283,0.955,0.234,0.800,0.080,NaN,NaN,NaN,NaN
1277,2016,6,1.470,0.355,0.973,0.224,0.811,0.081,NaN,NaN,NaN,NaN
1278,2016,7,1.114,0.253,0.964,0.211,0.813,0.079,NaN,NaN,NaN,NaN
1279,2016,8,0.923,0.298,0.992,0.189,0.816,0.079,NaN,NaN,NaN,NaN
1280,2016,9,1.217,0.255,1.013,0.174,0.821,0.080,NaN,NaN,NaN,NaN
1281,2016,10,1.373,0.285,1.003,0.145,0.821,0.082,NaN,NaN,NaN,NaN
1282,2016,11,1.056,0.429,1.010,0.139,0.822,0.085,NaN,NaN,NaN,NaN
1283,2016,12,0.787,0.261,0.960,0.129,0.828,0.085,NaN,NaN,NaN,NaN
1284,2017,1,0.565,0.358,0.947,0.124,0.843,0.088,NaN,NaN,NaN,NaN
1285,2017,2,0.716,0.252,0.958,0.117,0.846,0.090,NaN,NaN,NaN,NaN
1286,2017,3,0.878,0.131,0.938,0.125,0.845,0.092,NaN,NaN,NaN,NaN
1287,2017,4,0.833,0.169,0.887,0.137,0.851,0.093,NaN,NaN,NaN,NaN
1288,2017,5,1.187,0.184,0.897,0.149,0.849,0.096,NaN,NaN,NaN,NaN
1289,2017,6,0.867,0.319,0.925,0.153,0.841,0.099,NaN,NaN,NaN,NaN
1290,2017,7,0.960,0.494,0.987,0.144,0.839,0.103,NaN,NaN,NaN,NaN
1291,2017,8,1.053,0.435,1.035,0.158,0.843,0.106,NaN,NaN,NaN,NaN
1292,2017,9,0.978,0.321,1.076,0.169,0.850,0.108,NaN,NaN,NaN,NaN
1293,2017,10,0.760,0.265,1.087,0.168,0.862,0.111,NaN,NaN,NaN,NaN
1294,2017,11,1.178,0.210,1.084,0.164,0.875,0.112,NaN,NaN,NaN,NaN
1295,2017,12,1.126,0.150,1.062,0.156,0.890,0.109,NaN,NaN,NaN,NaN
1296,2018,1,1.310,0.309,1.039,0.128,NaN,NaN,NaN,NaN,NaN,NaN
1297,2018,2,1.297,0.164,1.000,0.130,NaN,NaN,NaN,NaN,NaN,NaN
1298,2018,3,1.360,0.226,0.984,0.133,NaN,NaN,NaN,NaN,NaN,NaN
1299,2018,4,0.975,0.170,1.015,0.127,NaN,NaN,NaN,NaN,NaN,NaN
1300,2018,5,1.151,0.334,1.004,0.126,NaN,NaN,NaN,NaN,NaN,NaN
1301,2018,6,0.593,0.393,1.013,0.129,NaN,NaN,NaN,NaN,NaN,NaN
1302,2018,7,0.682,0.195,0.955,0.132,NaN,NaN,NaN,NaN,NaN,NaN
1303,2018,8,0.588,0.389,0.903,0.133,NaN,NaN,NaN,NaN,NaN,NaN
1304,2018,9,0.786,0.406,0.870,0.136,NaN,NaN,NaN,NaN,NaN,NaN
1305,2018,10,1.138,0.286,0.866,0.154,NaN,NaN,NaN,NaN,NaN,NaN
1306,2018,11,1.049,0.353,0.853,0.158,NaN,NaN,NaN,NaN,NaN,NaN
1307,2018,12,1.228,0.287,0.914,0.155,NaN,NaN,NaN,NaN,NaN,NaN
1308,2019,1,0.612,0.241,0.949,0.177,NaN,NaN,NaN,NaN,NaN,NaN
1309,2019,2,0.673,0.397,0.957,0.174,NaN,NaN,NaN,NaN,NaN,NaN
1310,2019,3,0.964,0.306,0.933,0.172,NaN,NaN,NaN,NaN,NaN,NaN
1311,2019,4,0.933,0.405,0.900,0.198,NaN,NaN,NaN,NaN,NaN,NaN
1312,2019,5,0.986,0.374,0.863,0.219,NaN,NaN,NaN,NaN,NaN,NaN
1313,2019,6,1.332,0.318,0.801,0.238,NaN,NaN,NaN,NaN,NaN,NaN
1314,2019,7,1.104,0.464,0.791,0.268,NaN,NaN,NaN,NaN,NaN,NaN
1315,2019,8,0.673,0.394,0.776,0.268,NaN,NaN,NaN,NaN,NaN,NaN
1316,2019,9,0.505,0.423,0.774,0.263,NaN,NaN,NaN,NaN,NaN,NaN
1317,2019,10,0.741,0.406,0.785,0.255,NaN,NaN,NaN,NaN,NaN,NaN
1318,2019,11,0.609,0.350,0.791,0.249,NaN,NaN,NaN,NaN,NaN,NaN
1319,2019,12,0.480,0.253,0.775,0.236,NaN,NaN,NaN,NaN,NaN,NaN
1320,2020,1,0.492,0.278,NaN,NaN,NaN,NaN,NaN,NaN,NaN,NaN
1321,2020,2,0.495,0.274,NaN,NaN,NaN,NaN,NaN,NaN,NaN,NaN
1322,2020,3,0.943,0.283,NaN,NaN,NaN,NaN,NaN,NaN,NaN,NaN
1323,2020,4,1.063,0.404,NaN,NaN,NaN,NaN,NaN,NaN,NaN,NaN
1324,2020,5,1.056,0.357,NaN,NaN,NaN,NaN,NaN,NaN,NaN,NaN
1325,2020,6,1.134,0.407,NaN,NaN,NaN,NaN,NaN,NaN,NaN,NaN
